0,1536,13.04,-10.38,7.60,0.00,-1.01,0.06,29.59,13.77,-18.16,0,24.12,98349.74,256.92,0
1,1674,-3.41,-24.82,-4.33,0.02,-0.97,0.03,29.88,13.77,-17.29,0,24.09,98345.39,257.29,0
2,1815,-11.78,-5.04,11.26,-0.07,-1.04,0.06,29.30,14.06,-17.58,0,24.09,98345.39,257.29,0
3,1953,14.42,-6.90,13.84,-0.09,-1.11,0.08,29.30,14.06,-16.99,0,24.09,98345.39,257.29,0
4,2095,6.54,1.99,13.73,0.02,-1.02,0.07,28.71,14.65,-16.70,0,24.09,98345.39,257.29,0
5,2238,-19.03,24.67,14.79,-0.06,-0.99,0.04,28.71,14.65,-17.58,0,24.09,98346.28,257.21,0
6,2376,1.38,-27.42,1.56,-0.00,-0.94,0.15,28.12,14.94,-17.87,0,24.09,98346.28,257.21,0
7,2514,27.57,-0.30,5.60,-0.07,-0.97,0.02,28.42,14.94,-16.70,0,24.09,98346.28,257.21,0
8,2654,-7.35,-14.72,6.21,-0.06,-0.89,0.06,28.42,15.82,-16.41,0,24.09,98346.28,257.21,0
9,2792,2.93,-14.60,17.13,-0.07,-0.91,0.13,27.54,16.11,-15.23,0,24.09,98346.28,257.21,0
10,2931,-9.35,9.51,-2.41,-0.07,-0.88,0.07,27.54,15.23,-16.41,0,24.09,98346.28,257.21,0
11,3074,5.75,19.12,12.82,-0.05,-0.99,0.12,28.12,16.11,-16.41,0,24.09,98346.07,257.23,0
12,3212,-14.36,-1.59,-6.02,-0.08,-0.96,0.03,27.54,16.11,-17.29,0,24.09,98346.07,257.23,0
13,3351,18.87,0.25,1.27,-0.13,-1.04,0.05,27.25,15.82,-16.70,0,24.09,98346.07,257.23,0
14,3488,-1.39,-15.87,-12.97,-0.18,-0.94,0.04,28.12,16.11,-16.11,0,24.09,98346.07,257.23,0
15,3629,3.69,-20.16,-4.33,-0.12,-0.91,0.11,27.83,15.53,-15.82,0,24.09,98346.75,257.17,0
16,3764,-9.98,-1.50,2.29,-0.02,-0.99,0.07,27.54,15.53,-15.53,0,24.09,98346.75,257.17,0
17,3903,-6.73,11.65,6.46,-0.14,-1.01,0.06,27.83,15.82,-16.70,0,24.09,98346.75,257.17,0
18,4040,2.88,27.96,7.31,-0.12,-0.97,0.03,27.83,16.41,-16.41,0,24.09,98346.88,257.16,0
19,4180,9.97,12.46,5.20,-0.16,-1.03,0.09,28.12,14.94,-17.58,0,24.09,98346.88,257.16,0
20,4318,8.78,29.30,-3.15,-0.05,-1.01,-0.00,28.12,15.53,-17.29,0,24.09,98346.88,257.16,0
21,4457,-1.47,19.33,10.44,-0.23,-0.91,0.09,27.83,16.11,-17.87,0,24.09,98346.88,257.16,0
22,4599,-1.47,19.07,14.63,-0.17,-0.90,0.07,27.83,15.82,-18.75,0,24.08,98347.03,257.15,0
23,4738,2.14,23.10,-13.67,-0.04,-0.97,0.08,27.83,14.94,-19.04,0,24.08,98347.03,257.15,0
24,4878,6.42,34.74,-10.28,-0.15,-0.98,0.02,28.42,14.94,-19.34,0,24.08,98347.03,257.15,0
25,5015,-7.16,16.17,-4.45,-0.19,-0.95,0.07,29.00,14.65,-20.51,0,24.08,98347.16,257.14,0
26,5152,22.50,11.72,-11.85,-0.10,-1.05,-0.09,29.00,14.36,-20.51,0,24.08,98347.16,257.14,0
27,5289,18.42,12.18,-16.01,0.00,-1.01,0.13,29.59,12.89,-20.51,0,24.08,98347.16,257.14,0
28,5453,9.48,-5.00,-17.75,0.04,-0.93,0.12,30.18,12.89,-20.21,0,24.08,98347.67,257.09,0
29,5617,-10.15,7.91,7.12,0.16,-1.00,0.11,30.18,12.60,-19.92,0,24.08,98347.67,257.09,0
30,5781,-6.05,5.17,0.12,0.05,-1.00,0.05,29.88,12.89,-20.80,0,24.08,98347.67,257.09,0
31,5945,-0.51,-4.05,18.60,0.13,-0.96,0.18,30.18,12.89,-20.21,0,24.08,98347.96,257.07,0
32,6110,-8.59,-10.64,0.01,-0.18,-1.13,0.01,29.59,13.18,-20.80,0,24.08,98347.96,257.07,1
33,6274,9.77,-24.43,13.89,0.06,-0.90,-0.01,29.59,13.48,-19.04,0,24.08,98347.96,257.07,1
34,6448,7.47,-16.58,31.05,-0.07,-1.00,0.17,29.00,14.36,-18.46,0,24.07,98347.71,257.09,1
35,6612,-10.99,-28.60,17.59,-0.22,-0.92,0.17,28.42,14.65,-19.04,0,24.07,98347.71,257.09,1
36,6778,8.08,-20.66,-19.92,0.10,-0.93,0.05,28.42,15.23,-17.29,0,24.07,98347.71,257.09,1
37,6941,-9.80,-8.54,2.11,-0.09,-0.91,0.16,28.71,15.23,-17.29,0,24.07,98348.17,257.05,1
38,7105,0.05,-5.96,-9.59,0.11,-0.93,0.15,28.71,14.06,-16.41,0,24.07,98348.17,257.05,1
39,7270,-4.46,-7.03,5.45,-0.08,-1.05,-0.02,29.00,14.36,-16.70,0,24.07,98348.17,257.05,1
40,7417,13.84,-1.98,-18.09,0.06,-0.94,0.10,29.00,13.18,-16.99,0,24.07,98348.28,257.04,1
41,7558,1.49,-6.09,-0.76,-0.08,-1.02,-0.02,29.88,13.18,-16.41,0,24.07,98348.28,257.04,1
42,7721,9.38,-4.30,-6.65,0.09,-0.97,0.11,29.59,13.48,-15.53,0,24.07,98348.28,257.04,1
43,7859,-33.23,2.56,-22.32,0.28,-1.06,-0.08,30.47,12.60,-16.41,0,24.06,98348.58,257.01,1
44,8022,12.78,-13.23,9.13,-0.09,-0.94,0.20,30.47,12.60,-16.11,0,24.06,98348.58,257.01,1
45,8170,18.20,-5.27,5.24,0.05,-1.09,0.13,30.18,12.89,-15.82,0,24.06,98348.58,257.01,1
46,8311,-2.08,-5.86,0.88,0.18,-0.87,-0.04,29.88,12.89,-14.36,0,24.06,98348.87,256.99,1
47,8476,5.68,12.92,-17.92,0.20,-1.00,0.24,29.59,12.30,-14.94,0,24.06,98348.87,256.99,1
48,8641,-13.01,4.05,1.78,0.12,-0.92,0.06,29.88,12.30,-15.53,0,24.06,98348.87,256.99,1
49,8805,-15.43,23.28,27.01,0.04,-0.95,0.02,29.30,13.18,-16.70,0,24.06,98348.82,257.00,1
50,8969,-5.58,24.59,-6.52,-0.04,-0.98,0.04,29.88,14.06,-19.04,0,24.06,98348.82,257.00,1
51,9112,20.45,66.83,18.17,0.06,-0.96,0.14,29.59,13.77,-19.04,0,24.06,98348.82,257.00,1
52,9252,-4.11,14.50,-0.85,0.06,-0.98,0.04,29.00,14.94,-19.92,0,24.05,98349.11,256.97,1
53,9390,-1.22,1.13,5.29,0.05,-1.01,0.18,29.59,14.06,-20.21,0,24.05,98349.11,256.97,1
54,9529,12.05,-76.90,-0.73,-0.20,-0.93,0.01,29.59,13.77,-17.87,0,24.05,98349.11,256.97,1
55,9667,-32.50,-21.35,-2.68,0.14,-1.07,0.10,30.18,13.18,-17.58,0,24.05,98349.05,256.97,1
56,9806,19.33,-57.33,9.86,-0.12,-0.95,0.04,29.59,12.89,-15.82,0,24.05,98349.05,256.97,1
57,9949,6.61,-34.00,1.22,0.06,-0.96,-0.02,29.88,13.18,-14.36,0,24.05,98349.05,256.97,1
58,10112,8.58,-78.06,-2.17,0.07,-0.96,0.03,29.30,12.01,-13.18,0,24.05,98349.05,256.97,1
59,10276,-18.57,-108.64,27.90,-0.24,-1.08,-0.22,29.00,11.43,-10.84,0,24.05,98349.35,256.95,1
60,10419,24.30,-80.86,-6.23,-0.30,-0.96,0.03,29.30,8.50,-9.08,0,24.05,98349.35,256.95,1
61,10558,-6.59,-132.68,-11.20,0.40,-1.06,0.08,28.42,6.74,-7.62,0,24.05,98349.35,256.95,1
62,10697,-13.37,-76.80,3.22,-0.02,-0.98,0.01,29.00,3.22,-7.32,0,24.04,98349.64,256.92,1
63,10842,-5.39,-82.21,-18.60,0.10,-0.99,0.10,29.30,1.17,-7.62,0,24.04,98349.64,256.92,1
64,10980,-7.01,-55.82,-0.74,0.10,-0.93,-0.03,29.00,-1.76,-9.08,0,24.04,98349.64,256.92,1
65,11142,-2.43,-112.57,-15.26,0.26,-1.06,0.06,29.30,-4.10,-9.96,0,24.04,98349.38,256.95,1
66,11283,-6.16,-102.69,20.39,0.19,-0.88,-0.26,28.42,-5.86,-13.48,0,24.04,98349.38,256.95,1
67,11421,47.94,-85.14,13.69,0.13,-1.07,0.09,29.30,-5.27,-14.36,0,24.04,98349.38,256.95,1
68,11565,16.27,-83.63,-33.24,0.30,-1.11,-0.04,29.00,-6.15,-16.11,0,24.04,98349.71,256.92,1
69,11703,-17.11,-64.50,10.33,0.04,-0.95,-0.07,29.00,-6.45,-17.29,0,24.04,98349.71,256.92,1
70,11842,16.96,3.38,-5.76,-0.03,-1.02,-0.00,29.00,-7.91,-19.04,0,24.04,98349.71,256.92,1
71,11981,5.54,-6.02,2.11,0.11,-0.93,0.19,29.30,-7.62,-19.92,0,24.04,98349.71,256.92,1
72,12120,8.49,-18.91,0.30,0.10,-0.82,-0.03,29.00,-6.15,-18.46,0,24.03,98350.00,256.90,1
73,12259,3.78,-6.64,-10.60,0.29,-0.88,-0.23,28.71,-7.32,-19.04,0,24.03,98350.00,256.90,1
74,12400,7.01,-17.80,3.41,0.04,-1.00,-0.04,28.42,-6.45,-19.34,0,24.03,98350.00,256.90,1
75,12540,33.34,-28.69,9.50,-0.01,-1.12,-0.06,29.00,-6.15,-19.92,0,24.03,98350.13,256.88,1
76,12678,-13.79,-5.77,-0.62,0.08,-0.95,-0.16,29.30,-6.15,-19.92,0,24.03,98350.13,256.88,1
77,12818,4.33,-5.79,-0.70,0.02,-0.98,0.07,29.00,-6.74,-19.63,0,24.03,98350.13,256.88,1
78,12955,7.38,9.56,-6.47,0.02,-0.99,0.04,28.71,-6.74,-19.63,0,24.03,98350.13,256.88,1
79,13095,-8.88,3.95,-9.81,0.06,-0.98,0.07,29.00,-6.15,-19.92,0,24.03,98350.42,256.86,1
80,13238,25.52,-4.20,-2.92,0.17,-0.99,0.10,28.71,-6.45,-19.34,0,24.03,98350.42,256.86,1
81,13376,-6.96,0.53,-4.26,0.01,-1.00,0.05,28.12,-7.03,-19.92,0,24.03,98350.42,256.86,1
82,13515,-2.52,7.06,0.10,0.10,-1.01,0.22,28.42,-6.74,-19.63,0,24.03,98350.75,256.83,1
83,13654,-0.86,0.41,0.08,0.10,-0.98,0.07,28.42,-6.74,-19.34,0,24.03,98350.75,256.83,1
84,13792,4.34,-0.21,2.02,0.08,-0.97,0.25,28.71,-7.03,-19.92,0,24.03,98350.75,256.83,1
85,13931,7.48,4.19,7.55,-0.02,-0.97,0.03,29.00,-7.03,-19.92,0,24.02,98350.71,256.83,1
86,14074,3.23,16.57,-2.99,0.19,-1.03,0.18,28.42,-6.15,-19.63,0,24.02,98350.71,256.83,1
87,14212,-3.21,-3.85,5.71,0.03,-1.01,0.01,29.30,-6.45,-20.21,0,24.02,98350.71,256.83,1
88,14352,-8.59,0.68,-2.33,0.04,-1.01,0.07,28.42,-6.74,-19.63,0,24.02,98350.71,256.83,1
89,14489,17.26,-8.10,5.55,-0.02,-0.97,0.08,28.71,-6.74,-19.63,0,24.02,98350.86,256.82,1
90,14628,7.61,3.07,6.84,-0.04,-1.04,0.02,29.00,-6.15,-18.46,0,24.02,98350.86,256.82,1
91,14771,4.88,4.17,-0.34,0.01,-0.99,0.23,29.00,-6.45,-19.04,0,24.02,98350.86,256.82,1
92,14910,92.47,-17.11,1.69,0.03,-1.05,0.20,28.42,-7.03,-16.99,0,24.02,98350.82,256.82,1
93,15048,-47.58,7.78,0.16,0.05,-0.93,0.17,28.71,-6.45,-16.41,0,24.02,98350.82,256.82,1
94,15186,-41.82,7.80,3.08,0.03,-0.98,0.20,29.00,-6.45,-19.04,0,24.02,98350.82,256.82,1
95,15326,-31.46,10.48,-13.00,-0.00,-0.93,-0.17,29.88,-6.45,-19.04,0,24.02,98350.82,256.81,1
96,15464,34.65,-2.68,0.77,0.08,-1.02,0.16,29.59,-6.15,-18.75,0,24.02,98350.94,256.81,1
97,15607,12.42,5.11,3.56,0.01,-0.98,0.10,28.71,-6.74,-18.46,0,24.02,98350.94,256.81,1
98,15745,12.28,8.49,0.61,0.03,-0.99,0.06,29.59,-7.03,-17.87,0,24.02,98350.94,256.81,1
99,15885,-2.75,19.57,-12.64,0.04,-0.94,0.60,28.71,-6.74,-18.16,0,24.01,98351.07,256.80,1
100,16023,-4.55,0.98,-0.20,0.08,-1.01,0.08,28.12,-7.32,-18.46,0,24.01,98351.07,256.80,1
101,16162,7.38,-3.58,2.85,0.03,-0.98,0.08,28.42,-7.32,-17.58,0,24.01,98351.07,256.80,1
102,16300,-10.14,-6.87,3.04,0.06,-1.01,0.21,28.71,-6.74,-18.46,0,24.01,98351.02,256.81,1
103,16443,17.49,-1.90,6.77,0.07,-1.01,0.05,29.00,-6.45,-19.04,0,24.01,98351.02,256.81,1
104,16582,54.64,12.64,-14.46,0.07,-1.01,0.24,28.12,-7.03,-16.11,0,24.01,98351.02,256.81,1
105,16720,9.05,3.78,-1.47,0.03,-0.96,0.40,28.71,-7.03,-16.99,0,24.01,98351.02,256.81,1
106,16860,14.64,18.38,-20.50,0.10,-0.96,0.18,27.83,-7.32,-15.53,0,24.01,98350.97,256.81,1
107,16999,41.50,-3.90,-3.45,0.08,-0.99,0.48,27.83,-7.62,-15.23,0,24.01,98350.97,256.81,1
108,17137,-33.94,0.32,13.98,0.07,-0.94,0.25,28.71,-7.03,-16.11,0,24.01,98350.97,256.81,1
109,17280,-57.30,2.62,17.54,0.09,-0.96,0.16,28.42,-7.03,-17.58,0,24.01,98350.96,256.81,1
110,17419,2.99,-13.40,14.82,0.00,-0.97,0.08,29.00,-6.45,-18.75,0,24.01,98350.96,256.81,1
111,17557,23.35,-3.32,-6.38,0.07,-1.04,0.08,29.30,-6.45,-17.87,0,24.01,98350.96,256.81,1
112,17697,-4.37,-2.91,2.01,0.00,-1.00,0.03,29.00,-6.74,-17.58,0,24.00,98351.09,256.80,1
113,17835,0.31,-1.59,3.07,0.02,-0.99,0.15,28.71,-7.03,-18.16,0,24.00,98351.09,256.80,1
114,17978,-35.88,2.11,-1.12,-0.02,-0.96,0.19,28.71,-6.45,-19.63,0,24.00,98351.09,256.80,1
115,18116,-4.88,1.52,7.75,0.06,-0.96,-0.04,28.71,-6.15,-19.34,0,24.00,98351.09,256.80,1
116,18255,25.32,0.09,-7.08,0.03,-0.98,-0.09,29.30,-6.74,-19.34,0,24.00,98351.04,256.81,1
117,18394,24.68,-7.26,4.76,0.01,-0.97,0.06,29.88,-5.86,-18.46,0,24.00,98351.04,256.81,1
118,18533,3.21,-3.17,0.87,-0.00,-1.01,0.12,29.30,-6.15,-18.16,0,24.00,98351.04,256.81,1
119,18671,10.06,1.31,0.00,0.01,-0.97,0.14,29.88,-5.86,-17.87,0,24.00,98350.83,256.82,1
120,18813,-37.25,11.38,3.06,0.00,-0.89,0.07,28.71,-5.86,-18.75,0,24.00,98350.83,256.82,1
121,18954,-41.70,4.72,-2.08,0.00,-0.97,-0.00,29.00,-6.15,-19.63,0,24.00,98350.83,256.82,1
122,19091,14.25,2.57,0.74,-0.01,-0.96,0.12,29.30,-6.45,-19.04,0,24.00,98350.83,256.82,1
123,19230,-20.32,-5.39,16.72,-0.01,-0.99,-0.16,29.30,-6.15,-18.16,0,24.00,98350.78,256.83,1
124,19368,1.93,-2.52,2.04,-0.12,-1.22,-0.07,28.71,-6.74,-17.87,0,24.00,98350.78,256.83,1
125,19508,-7.43,2.27,1.12,-0.02,-0.98,0.04,28.71,-6.74,-17.87,0,24.00,98350.78,256.83,1
126,19650,-5.55,3.72,-5.77,0.06,-1.01,0.09,29.00,-7.03,-17.58,0,23.99,98350.91,256.82,1
127,19788,-5.23,1.30,-8.09,0.00,-0.89,0.07,28.71,-6.45,-18.75,0,23.99,98350.91,256.82,1
128,19927,11.00,-1.83,5.74,0.09,-1.01,0.03,29.30,-7.03,-18.46,0,23.99,98350.91,256.82,1
129,20066,0.73,-2.85,-0.94,0.04,-0.98,0.09,29.00,-6.74,-17.87,0,23.99,98351.07,256.80,1
130,20204,5.84,6.30,-11.69,0.10,-1.11,0.20,28.42,-7.62,-18.46,0,23.99,98351.07,256.80,1
131,20342,-6.24,-1.06,1.24,0.07,-0.99,0.00,28.71,-6.15,-19.04,0,23.99,98351.07,256.80,1
132,20486,-3.54,4.89,6.49,0.06,-0.99,-0.03,28.42,-7.32,-19.04,0,23.99,98351.07,256.80,1
133,20623,-10.81,4.08,1.63,0.08,-1.01,0.03,29.00,-7.03,-19.34,0,23.99,98350.85,256.82,1
134,20763,-21.55,1.58,-3.88,0.06,-1.00,-0.02,28.71,-7.03,-19.92,0,23.99,98350.85,256.82,1
135,20900,11.40,-7.34,7.47,-0.00,-1.01,0.17,28.71,-7.03,-19.34,0,23.99,98350.85,256.82,1
136,21041,-3.44,-2.78,3.17,0.04,-0.99,0.04,28.42,-6.74,-19.63,0,23.99,98350.67,256.84,1
137,21182,11.39,-2.55,4.89,0.05,-0.95,0.10,28.42,-6.74,-19.34,0,23.99,98350.67,256.84,1
138,21321,5.85,4.00,-3.96,0.08,-1.00,0.08,29.00,-7.03,-19.04,0,23.99,98350.67,256.84,1
139,21459,6.68,8.62,1.64,0.05,-0.97,0.04,29.00,-7.62,-18.75,0,23.99,98350.79,256.83,1
140,21598,15.30,2.85,-15.63,0.17,-0.93,0.07,28.12,-6.74,-18.75,0,23.98,98350.79,256.83,1
141,21737,-2.82,2.02,0.50,0.12,-1.00,-0.01,28.42,-7.32,-19.04,0,23.98,98350.79,256.83,1
142,21875,-14.88,-1.27,-0.92,0.07,-0.97,0.06,28.12,-7.91,-19.63,0,23.98,98350.79,256.83,1
143,22019,2.48,-3.47,3.11,0.09,-0.98,0.01,27.54,-6.74,-18.75,0,23.98,98350.92,256.82,1
144,22156,1.62,-3.20,-1.52,0.10,-0.91,0.36,27.83,-7.32,-19.34,0,23.98,98350.92,256.82,1
145,22296,0.33,0.79,1.11,0.10,-0.99,0.11,27.54,-7.62,-19.63,0,23.98,98350.92,256.82,1
146,22433,-4.03,2.84,0.40,0.10,-0.99,-0.01,27.83,-7.62,-19.92,0,23.98,98350.88,256.82,1
147,22573,-4.20,-2.18,-0.76,0.11,-0.98,0.12,27.83,-7.62,-21.09,0,23.98,98350.88,256.82,1
148,22711,0.31,-0.95,2.39,0.11,-1.00,-0.10,28.12,-7.91,-20.51,0,23.98,98350.88,256.82,1
149,22854,6.03,0.37,2.23,0.03,-0.99,-0.22,27.54,-7.62,-20.80,0,23.98,98350.88,256.82,1
150,22992,3.91,4.89,1.10,0.04,-1.00,-0.09,28.71,-7.32,-20.80,0,23.97,98350.47,256.85,1
151,23131,0.69,-1.98,-0.18,0.10,-0.98,-0.05,28.12,-7.62,-20.21,0,23.97,98350.47,256.85,1
152,23270,2.93,-2.43,1.11,0.13,-0.96,-0.03,28.42,-7.62,-20.51,0,23.97,98350.47,256.85,1
153,23408,-11.09,-16.48,-2.17,0.09,-0.95,-0.07,28.42,-7.91,-21.09,0,23.97,98350.60,256.84,1
154,23546,-2.82,-1.79,1.96,0.03,-0.94,-0.14,28.12,-6.74,-21.09,0,23.97,98350.60,256.84,1
155,23689,6.74,-0.06,-4.77,0.08,-0.99,-0.07,28.12,-7.32,-21.97,0,23.97,98350.60,256.84,1
156,23829,1.65,1.99,2.09,0.04,-0.96,-0.16,28.42,-7.62,-21.09,0,23.97,98350.55,256.85,1
157,23966,0.59,-4.55,0.94,0.10,-1.00,-0.09,28.12,-7.91,-21.09,0,23.97,98350.55,256.85,1
158,24105,-0.03,3.21,3.51,0.09,-0.98,-0.07,27.25,-7.32,-21.97,0,23.97,98350.55,256.85,1
159,24244,-1.84,-2.95,2.91,0.11,-0.98,-0.10,28.12,-7.91,-21.09,0,23.97,98350.55,256.85,1
160,24386,-1.30,0.82,1.82,0.09,-0.98,-0.10,28.42,-7.03,-21.68,0,23.97,98350.52,256.85,1
161,24525,-1.64,-1.69,1.90,0.08,-0.95,-0.08,28.12,-7.32,-21.97,0,23.97,98350.52,256.85,1
162,24664,3.62,-0.20,1.72,0.08,-0.99,-0.11,27.83,-6.74,-21.68,0,23.97,98350.52,256.85,1
163,24802,-0.58,0.27,1.06,0.09,-0.97,-0.10,28.42,-7.62,-21.68,0,23.96,98350.47,256.85,1
164,24941,0.13,-0.02,0.14,0.05,-0.97,-0.07,27.83,-7.62,-22.27,0,23.96,98350.47,256.85,1
165,25079,-1.69,0.74,1.20,0.12,-0.98,-0.10,28.42,-8.20,-22.27,0,23.96,98350.47,256.85,1
166,25222,0.11,3.14,1.53,0.09,-0.98,-0.12,27.83,-7.32,-22.27,0,23.96,98350.47,256.85,1
167,25361,-1.29,-1.17,0.09,0.09,-0.97,-0.11,28.12,-7.03,-21.97,0,23.96,98350.63,256.84,1
168,25499,1.29,0.31,-0.11,0.11,-0.97,-0.23,28.12,-7.03,-22.27,0,23.96,98350.63,256.84,1
169,25638,1.08,-0.43,1.59,0.10,-1.00,-0.13,28.12,-6.74,-21.97,0,23.96,98350.63,256.84,1
170,25776,3.47,1.61,1.05,0.09,-0.95,-0.12,27.83,-7.91,-21.97,0,23.96,98350.22,256.88,1
171,25916,2.15,-0.92,0.48,0.08,-0.97,-0.11,28.12,-7.32,-21.68,0,23.96,98350.22,256.88,1
172,26058,7.72,-0.97,-3.10,0.08,-0.96,-0.04,28.12,-7.62,-21.39,0,23.96,98350.22,256.88,1
173,26196,-1.09,-2.08,1.58,0.09,-0.97,-0.10,28.12,-7.32,-22.27,0,23.95,98350.35,256.87,1
174,26336,-0.36,2.90,-1.95,0.07,-0.96,-0.11,28.42,-7.91,-21.39,0,23.95,98350.35,256.87,1
175,26474,20.45,-0.13,8.30,0.09,-1.00,0.01,28.12,-7.32,-21.97,0,23.95,98350.35,256.87,1
176,26612,-18.97,-4.56,1.66,0.05,-0.95,-0.28,28.42,-7.62,-21.09,0,23.95,98350.35,256.87,1
177,26755,-12.47,0.98,-4.18,0.09,-0.99,-0.14,28.71,-7.32,-21.97,0,23.95,98350.30,256.87,1
178,26895,-7.91,12.04,-9.10,0.13,-0.96,-0.12,28.12,-7.03,-22.27,0,23.95,98350.30,256.87,1
179,27032,-2.46,-7.13,1.27,0.13,-1.00,-0.08,28.42,-7.62,-21.97,0,23.95,98350.30,256.87,1
180,27172,-1.61,-4.23,4.43,0.08,-0.94,-0.13,28.42,-7.03,-22.27,0,23.95,98350.43,256.86,1
181,27310,30.98,7.06,6.01,0.16,-1.10,-0.32,28.12,-7.91,-21.39,0,23.95,98350.43,256.86,1
182,27449,-17.99,2.24,-2.86,0.10,-0.96,-0.14,27.83,-7.62,-21.68,0,23.95,98350.43,256.86,1
183,27591,5.40,-2.36,2.23,0.12,-1.04,-0.12,28.12,-7.32,-21.39,0,23.95,98350.43,256.84,1
184,27730,0.72,-0.72,1.71,0.09,-0.98,-0.06,28.71,-7.03,-21.09,0,23.95,98350.59,256.84,1
185,27869,2.07,0.20,-5.26,0.15,-0.95,-0.08,28.12,-7.32,-21.09,0,23.95,98350.59,256.84,1
186,28008,1.76,1.97,3.14,0.10,-0.99,-0.09,28.42,-7.62,-21.68,0,23.95,98350.59,256.84,1
187,28146,1.73,4.37,0.29,0.09,-0.98,-0.09,27.83,-7.03,-21.39,0,23.94,98350.33,256.87,1
188,28285,0.30,6.65,1.09,0.13,-0.95,-0.07,28.42,-7.03,-21.68,0,23.94,98350.33,256.87,1
189,28429,-4.04,5.90,3.09,0.06,-0.98,-0.12,28.42,-6.74,-21.09,0,23.94,98350.33,256.87,1
190,28566,2.31,5.84,5.46,0.11,-0.98,-0.07,28.12,-7.62,-20.80,0,23.94,98350.46,256.86,1
191,28706,22.17,-15.66,7.65,0.10,-0.79,-0.00,27.54,-7.62,-20.51,0,23.94,98350.46,256.86,1
192,28844,3.26,19.91,14.73,0.11,-0.98,0.04,28.42,-7.62,-20.51,0,23.94,98350.46,256.86,1
193,28984,4.01,-1.24,-0.91,0.11,-0.94,-0.03,27.83,-8.20,-19.63,0,23.94,98350.46,256.86,1
194,29122,15.95,-33.30,-14.05,0.07,-0.95,0.09,28.12,-7.32,-19.92,0,23.94,98350.41,256.86,1
195,29265,-5.29,-6.42,9.82,0.07,-0.94,-0.02,28.12,-7.62,-20.80,0,23.94,98350.41,256.86,1
196,29404,6.32,-2.74,-3.86,0.05,-0.94,0.05,28.42,-7.32,-20.80,0,23.94,98350.41,256.86,1
197,29543,26.63,-13.44,8.31,0.10,-0.82,-0.06,29.00,-7.62,-19.92,0,23.93,98350.71,256.83,1
198,29682,2.33,2.16,-8.33,0.07,-0.99,-0.05,28.42,-7.03,-20.21,0,23.93,98350.71,256.83,1
199,29820,-4.72,-6.57,-8.38,-0.02,-0.93,-0.04,28.42,-7.62,-19.63,0,23.93,98350.71,256.83,1
200,29965,2.31,-0.30,-1.81,0.08,-0.99,-0.01,27.83,-7.03,-20.51,0,23.93,98350.86,256.82,1
201,30102,3.81,-67.96,-17.46,0.18,-1.06,0.09,27.83,-7.32,-21.68,0,23.93,98350.86,256.82,1
202,30242,10.04,-19.93,-4.74,0.08,-0.96,-0.04,27.54,-6.74,-22.85,0,23.93,98350.86,256.82,1
203,30381,12.87,-22.85,4.14,0.09,-0.84,-0.15,28.42,-6.74,-22.85,0,23.93,98350.86,256.82,1
204,30520,16.50,10.88,2.14,0.13,-0.95,-0.36,28.12,-6.74,-21.97,0,23.93,98350.64,256.84,1
205,30658,-2.28,-5.78,-0.30,0.14,-0.93,-0.04,28.12,-6.74,-22.27,0,23.93,98350.64,256.84,1
206,30801,-2.64,-8.37,3.10,0.20,-1.18,0.02,27.83,-7.32,-22.27,0,23.93,98350.64,256.84,1
207,30940,4.33,6.45,0.56,0.14,-1.02,-0.15,28.12,-6.74,-22.85,0,23.93,98350.77,256.83,1
208,31079,7.85,20.72,-2.90,0.13,-0.96,-0.30,28.42,-7.32,-21.39,0,23.93,98350.77,256.83,1
209,31218,27.35,10.41,1.01,0.14,-0.98,-0.07,27.83,-7.62,-21.39,0,23.93,98350.77,256.83,1
210,31357,9.83,-3.75,5.62,0.14,-1.04,-0.01,27.54,-7.62,-21.09,0,23.93,98350.77,256.83,1
211,31496,0.67,-0.95,6.20,0.16,-1.05,0.03,28.42,-6.74,-20.80,0,23.92,98351.07,256.80,1
212,31638,-8.16,-0.69,8.80,0.11,-0.99,-0.06,28.71,-7.62,-21.68,0,23.92,98351.07,256.80,1
213,31778,-4.01,-19.44,5.68,0.05,-1.19,-0.74,28.42,-6.45,-23.14,0,23.92,98351.07,256.80,1
214,31916,16.65,14.06,-6.74,0.13,-1.07,-0.01,29.30,-7.03,-21.97,0,23.92,98351.02,256.81,1
215,32056,14.90,-31.46,-5.29,0.14,-1.06,0.13,28.42,-6.74,-22.27,0,23.92,98351.02,256.81,1
216,32193,-14.19,-32.94,4.90,-0.00,-0.94,-0.00,27.83,-6.15,-22.85,0,23.92,98351.02,256.81,1
217,32337,1.88,14.92,8.71,0.07,-0.92,-0.08,28.71,-6.45,-22.85,0,23.92,98350.98,256.81,1
218,32476,2.74,41.53,9.99,0.06,-0.99,0.04,28.42,-6.45,-21.39,0,23.92,98350.98,256.81,1
219,32614,-9.32,69.12,8.06,0.04,-0.98,0.00,28.42,-6.74,-20.21,0,23.92,98350.98,256.81,1
220,32753,6.42,59.06,-4.36,0.01,-0.97,-0.09,28.71,-7.32,-19.04,0,23.92,98350.98,256.81,1
221,32892,10.75,60.20,9.39,0.06,-0.98,0.03,28.71,-7.32,-17.87,0,23.92,98351.16,256.79,1
222,33031,-3.49,72.04,11.14,0.06,-0.98,0.06,29.00,-6.74,-15.53,0,23.92,98351.16,256.79,1
223,33173,-3.73,49.07,6.18,0.01,-1.00,0.01,29.00,-5.27,-14.36,0,23.92,98351.16,256.79,1
224,33313,0.18,11.47,2.36,-0.01,-0.98,0.02,29.30,-4.98,-14.06,0,23.91,98351.28,256.78,1
225,33451,-1.30,21.39,3.04,-0.01,-0.99,0.01,29.00,-5.27,-13.48,0,23.91,98351.28,256.78,1
226,33591,5.93,23.38,5.18,0.04,-1.01,-0.01,29.59,-4.39,-12.89,0,23.91,98351.28,256.78,1
227,33728,4.18,-24.31,-4.55,-0.03,-0.99,0.00,29.59,-4.69,-12.60,0,23.91,98351.28,256.78,1
228,33868,2.33,-52.18,-3.05,0.02,-0.98,0.02,29.30,-4.69,-13.48,0,23.91,98351.25,256.79,1
229,34011,-3.89,2.12,-0.48,0.02,-0.99,0.09,28.71,-5.86,-14.36,0,23.91,98351.25,256.79,1
230,34149,4.12,6.07,1.14,0.04,-0.99,0.01,29.30,-4.98,-13.77,0,23.91,98351.25,256.79,1
231,34288,2.37,4.37,0.30,0.06,-0.98,-0.05,28.71,-5.57,-13.77,0,23.91,98351.20,256.79,1
232,34426,1.30,-7.29,1.66,0.02,-1.01,-0.01,29.00,-5.27,-14.65,0,23.91,98351.20,256.79,1
233,34566,3.35,2.13,-0.41,0.03,-0.99,0.04,28.71,-5.86,-14.06,0,23.91,98351.20,256.79,1
234,34704,-1.88,-12.42,1.81,0.03,-1.01,0.02,28.71,-4.98,-14.36,0,23.91,98351.32,256.78,1
235,34848,-3.26,-63.03,3.12,0.06,-1.01,-0.03,29.30,-5.57,-15.53,0,23.91,98351.32,256.78,1
236,34985,11.79,-63.75,-1.27,0.03,-0.98,-0.00,29.30,-7.03,-17.29,0,23.91,98351.32,256.78,1
237,35126,7.74,4.01,2.98,0.04,-0.97,0.06,29.30,-7.03,-17.58,0,23.91,98351.32,256.78,1
238,35263,-4.66,10.94,-1.29,0.07,-0.95,0.05,29.30,-6.45,-17.58,0,23.90,98351.28,256.78,1
239,35403,-0.45,2.76,-0.66,0.03,-0.99,-0.00,28.71,-6.45,-17.58,0,23.90,98351.28,256.78,1
240,35546,1.52,-10.12,-3.41,0.03,-0.94,0.03,28.71,-6.74,-16.70,0,23.90,98351.28,256.78,1
241,35685,-3.18,-20.61,-5.38,-0.01,-0.99,0.05,28.71,-6.74,-17.29,0,23.90,98351.10,256.80,1
242,35823,1.64,-5.28,-7.03,0.04,-0.97,-0.01,28.42,-7.91,-17.58,0,23.90,98351.10,256.80,1
243,35962,4.20,2.56,15.12,0.11,-1.00,0.02,28.71,-7.32,-18.46,0,23.90,98351.10,256.80,1
244,36101,1.84,-11.14,2.15,-0.01,-0.99,-0.00,29.00,-7.03,-17.87,0,23.90,98351.05,256.81,1
245,36240,3.41,-15.24,-0.79,0.02,-0.98,0.02,29.30,-7.03,-18.75,0,23.90,98351.05,256.81,1
246,36383,-2.24,-19.84,2.95,0.06,-0.99,0.01,29.30,-6.74,-18.46,0,23.90,98351.05,256.81,1
247,36521,-0.69,-28.83,-3.91,-0.02,-1.01,0.00,29.30,-6.74,-19.63,0,23.90,98351.05,256.81,1
248,36661,-1.53,-29.79,-2.16,0.10,-1.01,0.01,28.71,-6.45,-20.80,0,23.90,98351.17,256.79,1
249,36799,1.07,-13.20,1.98,0.00,-1.02,0.01,28.71,-7.62,-20.51,0,23.90,98351.17,256.79,1
250,36938,-1.84,-9.10,6.80,0.04,-1.00,0.01,28.71,-6.74,-20.80,0,23.90,98351.17,256.79,1
251,37075,0.72,-0.80,4.92,0.01,-0.99,0.00,28.42,-6.74,-20.80,0,23.89,98351.30,256.78,1
252,37219,0.34,42.91,5.97,0.03,-0.96,0.05,28.71,-6.45,-20.21,0,23.89,98351.30,256.78,1
253,37359,3.52,56.42,0.20,0.02,-0.97,0.02,29.00,-7.03,-19.34,0,23.89,98351.30,256.78,1
254,37496,0.59,53.51,2.20,0.05,-0.99,0.01,28.71,-6.45,-17.29,0,23.89,98351.30,256.78,1
255,37634,3.08,11.51,-1.48,-0.04,-1.01,-0.07,29.30,-6.45,-16.99,0,23.89,98351.42,256.77,1
256,37771,4.78,-3.49,-2.27,0.02,-0.98,-0.03,29.59,-7.03,-16.99,0,23.89,98351.42,256.77,1
257,37917,-1.66,-3.30,-2.37,0.04,-1.00,0.01,29.30,-6.45,-16.41,0,23.89,98351.42,256.77,1
258,38085,-4.52,4.43,2.38,0.05,-1.00,-0.01,29.00,-6.45,-17.58,0,23.89,98351.55,256.76,1
259,38251,3.51,2.07,1.14,0.05,-0.99,-0.01,29.00,-7.32,-17.29,0,23.89,98351.55,256.76,1
260,38414,1.24,12.37,2.09,-0.01,-0.98,-0.02,29.30,-6.74,-16.41,0,23.89,98351.55,256.76,1
261,38578,2.73,20.39,-1.84,0.05,-1.00,0.03,29.00,-6.74,-16.41,0,23.88,98351.32,256.78,1
262,38743,-2.25,8.51,3.71,0.05,-0.98,0.01,29.00,-7.03,-15.53,0,23.88,98351.32,256.78,1
263,38912,2.29,9.24,0.22,0.03,-0.99,-0.01,29.00,-6.74,-16.41,0,23.88,98351.32,256.78,1
264,39050,-0.14,-2.84,0.60,0.03,-0.99,0.01,29.00,-5.86,-15.53,0,23.88,98351.66,256.75,1
265,39214,4.93,42.14,9.23,0.04,-0.99,0.00,29.88,-5.57,-14.65,0,23.88,98351.66,256.75,1
266,39377,3.68,21.61,-5.42,-0.02,-0.99,-0.01,29.30,-5.27,-12.60,0,23.88,98351.66,256.75,1
267,39542,-0.08,1.37,3.22,0.04,-1.00,-0.01,29.00,-4.98,-13.48,0,23.88,98351.65,256.75,1
268,39707,5.99,14.59,2.97,0.02,-1.00,0.03,29.00,-5.57,-12.89,0,23.88,98351.65,256.75,1
269,39853,0.66,5.80,0.69,0.03,-1.00,0.03,29.00,-5.27,-12.60,0,23.88,98351.65,256.75,1
270,39997,0.08,4.18,2.16,0.01,-0.99,0.04,29.00,-4.98,-13.18,0,23.88,98351.61,256.76,1
271,40162,3.95,1.88,0.14,0.03,-1.00,0.04,29.30,-4.98,-12.60,0,23.88,98351.61,256.76,1
272,40327,3.62,-10.12,0.72,0.02,-1.00,0.04,28.71,-5.27,-12.30,0,23.88,98351.61,256.76,1
273,40493,-3.33,-6.93,1.12,0.03,-0.98,0.05,28.71,-4.98,-13.18,0,23.88,98351.57,256.76,1
274,40656,-1.08,2.14,-2.01,0.02,-0.98,0.04,28.42,-5.27,-12.60,0,23.88,98351.57,256.76,1
275,40799,-1.15,-4.52,-0.01,0.03,-0.98,0.02,29.00,-5.86,-13.48,0,23.88,98351.57,256.76,1
276,40948,3.18,-5.07,-0.12,0.03,-0.99,0.02,29.00,-5.86,-13.18,0,23.87,98351.52,256.77,1
277,41092,1.11,-5.63,-1.68,0.03,-1.00,0.02,29.00,-5.86,-13.18,0,23.87,98351.52,256.77,1
278,41257,-0.23,-19.95,-0.69,0.01,-0.99,0.01,29.30,-5.57,-14.06,0,23.87,98351.52,256.77,1
279,41422,-2.55,-15.78,2.29,0.06,-1.00,0.02,29.30,-5.86,-13.48,0,23.87,98351.50,256.77,1
280,41569,-1.21,-19.89,1.98,0.03,-0.98,0.02,28.71,-6.15,-14.94,0,23.87,98351.50,256.77,1
281,41713,-1.77,-26.34,-2.78,0.03,-0.97,-0.02,29.30,-6.45,-15.53,0,23.87,98351.50,256.77,1
282,41883,0.62,-3.80,-0.34,0.06,-0.99,0.03,29.59,-6.45,-16.11,0,23.87,98351.46,256.77,1
283,42020,0.88,-3.78,0.81,0.04,-1.00,0.00,28.42,-6.15,-16.70,0,23.87,98351.46,256.77,1
284,42161,1.75,6.20,-2.09,0.02,-0.97,-0.01,29.00,-6.15,-16.11,0,23.87,98351.46,256.77,1
285,42299,4.10,5.86,-1.24,0.07,-0.98,0.01,28.71,-6.74,-16.41,0,23.87,98351.58,256.76,1
286,42442,5.74,0.77,4.15,0.07,-1.00,0.03,29.30,-7.03,-15.53,0,23.87,98351.58,256.76,1
287,42582,1.81,0.18,3.50,0.07,-1.00,0.04,28.42,-7.03,-15.82,0,23.87,98351.58,256.76,1
288,42724,1.81,7.69,2.16,0.03,-1.00,0.02,29.00,-7.03,-15.53,0,23.86,98351.37,256.78,1
289,42866,4.78,12.54,1.62,0.03,-0.99,0.03,29.00,-5.86,-15.82,0,23.86,98351.37,256.78,1
290,43005,5.87,5.35,1.29,0.03,-0.98,0.03,28.42,-5.86,-14.94,0,23.86,98351.37,256.78,1
291,43144,0.92,0.69,3.59,0.06,-0.99,0.04,29.00,-6.45,-15.23,0,23.86,98351.37,256.78,1
292,43286,0.37,11.49,2.16,0.06,-0.97,0.05,29.30,-5.86,-15.53,0,23.86,98351.16,256.79,1
293,43428,4.26,23.48,0.28,-0.02,-0.99,0.07,28.71,-6.15,-14.65,0,23.86,98351.16,256.79,1
294,43569,-1.15,15.87,-0.57,0.02,-1.00,0.06,29.00,-5.86,-13.77,0,23.86,98351.16,256.79,1
295,43709,1.25,8.22,0.83,-0.00,-0.99,0.03,28.42,-5.86,-13.48,0,23.86,98351.50,256.77,1
296,43873,2.48,7.03,0.24,0.03,-0.99,0.08,29.00,-5.57,-13.77,0,23.86,98351.50,256.77,1
297,44037,-1.30,-0.95,1.85,0.03,-0.99,0.05,29.00,-5.86,-12.60,0,23.86,98351.50,256.77,1
298,44179,-0.11,-2.27,2.04,0.01,-0.99,0.05,29.00,-5.57,-13.77,0,23.86,98351.45,256.77,1
299,44345,2.24,-6.51,-3.16,0.03,-0.99,0.05,29.00,-5.57,-13.48,0,23.86,98351.45,256.77,1
300,44483,1.63,-14.02,1.61,0.03,-1.00,0.03,28.71,-5.86,-14.06,0,23.86,98351.45,256.77,1
301,44622,-1.63,-7.87,0.90,0.03,-1.00,0.05,29.30,-5.86,-14.06,0,23.86,98351.43,256.77,1
302,44762,-3.10,-4.27,-3.44,0.01,-0.98,0.05,29.30,-6.45,-14.65,0,23.86,98351.43,256.77,1
303,44901,-1.14,2.21,0.60,0.03,-1.00,0.04,29.30,-6.15,-13.77,0,23.86,98351.43,256.77,1
304,45043,2.91,-2.70,1.80,0.04,-1.00,0.01,29.30,-5.86,-14.06,0,23.86,98351.43,256.77,1
305,45182,2.50,6.87,-0.52,0.06,-1.00,0.05,29.00,-6.15,-14.36,0,23.85,98351.05,256.81,1
306,45348,5.67,12.15,3.60,0.02,-0.98,0.06,28.42,-6.15,-14.06,0,23.85,98351.05,256.81,1
307,45487,2.24,6.10,1.03,0.03,-1.00,0.06,29.00,-5.27,-13.77,0,23.85,98351.05,256.81,1
308,45626,-1.27,-5.60,0.72,0.03,-0.99,0.04,29.59,-5.57,-13.48,0,23.85,98351.03,256.81,1
309,45768,4.66,-55.34,-4.53,0.00,-1.01,-0.01,28.12,-6.15,-14.65,0,23.85,98351.03,256.81,1
310,45907,2.27,-48.30,-2.32,0.03,-0.98,0.04,28.42,-6.74,-15.53,0,23.85,98351.03,256.81,1
311,46047,1.94,-18.20,1.34,0.06,-0.99,0.06,29.30,-7.32,-16.41,0,23.85,98351.21,256.79,1
312,46186,3.26,-11.92,-0.50,0.06,-0.98,0.04,28.42,-7.03,-16.41,0,23.85,98351.21,256.79,1
313,46325,1.63,-30.44,-1.26,0.06,-0.99,0.09,29.00,-7.03,-17.29,0,23.85,98351.21,256.79,1
314,46464,-0.31,-16.08,8.10,0.11,-0.97,0.08,28.71,-7.32,-17.58,0,23.85,98351.21,256.79,1
315,46608,1.06,-15.98,-1.46,0.03,-0.97,0.09,28.42,-7.03,-18.75,0,23.85,98351.33,256.78,1
316,46745,0.81,-1.34,-2.05,0.06,-0.97,0.03,29.00,-6.74,-18.46,0,23.85,98351.33,256.78,1
317,46885,3.50,9.16,3.14,0.09,-1.01,0.05,28.42,-7.03,-18.16,0,23.85,98351.33,256.78,1
318,47023,-1.79,41.11,-2.41,0.07,-0.98,0.09,28.71,-7.62,-18.46,0,23.85,98351.28,256.78,1
319,47163,-5.60,49.00,-0.45,0.06,-0.99,0.05,28.71,-7.03,-16.99,0,23.85,98351.28,256.78,1
320,47301,-0.05,32.20,2.87,0.06,-1.00,0.00,29.00,-7.62,-16.41,0,23.85,98351.28,256.78,1
321,47444,5.27,53.92,19.07,0.08,-0.97,0.06,29.30,-6.74,-14.94,0,23.84,98350.91,256.82,1
322,47584,7.52,50.82,3.49,-0.01,-0.99,0.05,29.00,-4.98,-13.48,0,23.84,98350.91,256.82,1
323,47723,1.79,28.55,2.47,-0.01,-1.01,0.06,28.71,-4.69,-12.01,0,23.84,98350.91,256.82,1
324,47861,-0.36,14.76,2.51,-0.02,-0.99,0.05,29.00,-4.10,-11.72,0,23.84,98350.91,256.82,1
325,48001,1.80,-17.40,-7.00,-0.03,-0.97,0.07,28.42,-4.98,-12.01,0,23.84,98350.89,256.82,1
326,48140,-4.33,-39.08,-3.49,0.00,-1.01,0.06,28.42,-4.69,-13.18,0,23.84,98350.89,256.82,1
327,48282,-1.10,-71.83,-6.39,0.01,-0.98,0.07,28.42,-6.45,-14.36,0,23.84,98350.89,256.82,1
328,48421,5.97,-32.81,4.17,0.06,-0.99,0.01,28.71,-6.74,-15.82,0,23.84,98350.85,256.82,1
329,48560,0.18,-36.78,1.18,0.06,-0.99,0.06,29.59,-6.74,-16.41,0,23.84,98350.85,256.82,1
330,48700,-0.67,-7.83,0.98,0.08,-0.99,0.08,28.71,-6.74,-16.11,0,23.84,98350.85,256.82,1
331,48838,1.89,-2.76,-0.79,0.04,-1.00,0.10,28.71,-6.74,-17.58,0,23.84,98350.85,256.82,1
332,48982,-0.36,-7.42,-3.94,0.02,-0.99,0.04,28.71,-6.45,-16.70,0,23.84,98350.80,256.83,1
333,49121,3.22,2.07,1.23,0.13,-0.99,0.09,28.71,-7.62,-17.29,0,23.84,98350.80,256.83,1
334,49285,0.98,1.27,1.08,0.04,-0.99,0.06,29.00,-7.03,-16.70,0,23.84,98350.80,256.83,1
335,49448,0.50,8.96,0.08,0.06,-0.98,0.06,28.42,-7.03,-17.29,0,23.83,98350.75,256.83,1
336,49587,5.65,25.53,11.95,0.10,-1.03,0.08,29.30,-7.62,-16.41,0,23.83,98350.75,256.83,1
337,49726,-1.79,12.00,-8.08,0.03,-0.96,0.12,29.00,-7.03,-15.82,0,23.83,98350.75,256.83,1
338,49868,0.78,-5.86,3.46,0.03,-0.99,0.05,29.30,-7.03,-16.11,0,23.83,98350.92,256.82,1
339,50009,3.31,1.11,3.70,0.06,-1.00,0.09,28.71,-6.74,-16.11,0,23.83,98350.92,256.82,1
340,50146,-0.43,16.27,0.50,0.02,-0.99,0.09,28.42,-6.74,-15.82,0,23.83,98350.92,256.82,1
341,50286,0.79,11.25,0.43,0.01,-0.97,0.06,28.71,-7.03,-15.23,0,23.83,98350.88,256.82,1
342,50423,-0.69,-3.31,0.84,0.04,-0.99,0.09,29.00,-7.03,-15.53,0,23.83,98350.88,256.82,1
343,50564,-1.18,-15.93,0.43,0.03,-1.00,0.06,29.00,-6.74,-16.11,0,23.83,98350.88,256.82,1
344,50706,-0.18,-12.46,0.05,0.04,-0.99,0.07,28.42,-6.15,-16.41,0,23.83,98350.88,256.82,1
345,50844,-2.37,-26.95,0.02,0.03,-0.99,0.06,29.30,-7.03,-17.29,0,23.83,98350.67,256.84,1
346,50983,5.36,-18.97,1.77,0.06,-0.98,0.07,28.71,-6.74,-17.87,0,23.83,98350.67,256.84,1
347,51122,3.32,-0.91,4.55,0.07,-0.98,0.10,29.00,-6.74,-17.87,0,23.83,98350.67,256.84,1
348,51261,8.75,2.69,0.16,0.04,-1.02,-0.00,29.30,-6.74,-17.87,0,23.83,98351.00,256.81,1
349,51399,3.22,8.67,6.21,0.02,-0.98,0.10,29.00,-6.45,-17.29,0,23.83,98351.00,256.81,1
350,51543,7.35,13.56,3.72,0.01,-0.98,0.09,29.00,-6.74,-16.99,0,23.83,98351.00,256.81,1
351,51681,-1.79,-3.51,0.92,0.05,-1.01,0.13,29.30,-6.15,-16.70,0,23.83,98351.00,256.79,1
352,51821,-1.37,13.11,0.50,-0.03,-0.97,0.06,29.00,-5.86,-16.99,0,23.83,98350.82,256.82,1
353,51958,4.05,34.78,2.84,0.03,-0.97,0.13,29.30,-6.45,-15.82,0,23.83,98350.82,256.82,1
354,52099,4.11,25.47,-0.51,-0.03,-1.03,0.08,28.71,-6.74,-14.94,0,23.83,98350.82,256.82,1
355,52241,-1.13,-3.38,2.05,-0.01,-0.99,0.13,28.71,-6.15,-14.94,0,23.82,98350.61,256.84,1
356,52379,-1.78,-5.82,-4.55,0.02,-1.00,0.08,28.42,-6.45,-15.82,0,23.82,98350.61,256.84,1
357,52518,-2.10,18.34,5.20,0.01,-0.97,0.09,29.59,-6.74,-15.53,0,23.82,98350.61,256.84,1
358,52657,-6.13,21.50,-0.11,0.02,-0.95,0.11,29.30,-5.57,-14.94,0,23.82,98350.95,256.81,1
359,52796,-7.22,14.94,0.54,0.03,-1.00,0.06,29.30,-5.86,-15.23,0,23.82,98350.95,256.81,1
360,52935,5.04,6.16,1.78,0.03,-1.00,0.01,29.30,-5.86,-14.65,0,23.82,98350.95,256.81,1
361,53078,4.82,-9.07,1.88,-0.01,-0.99,0.07,29.00,-5.57,-14.36,0,23.82,98350.95,256.81,1
362,53216,5.31,-39.22,-3.27,-0.00,-0.99,0.02,29.00,-6.15,-14.36,0,23.82,98350.91,256.82,1
363,53355,12.34,-20.58,0.24,0.04,-0.99,0.10,28.42,-6.15,-14.94,0,23.82,98350.91,256.82,1
364,53493,5.58,7.83,-1.81,-0.02,-0.96,0.09,29.30,-6.15,-15.53,0,23.82,98350.91,256.82,1
365,53633,3.62,-6.87,-0.43,0.02,-0.99,0.20,29.00,-6.74,-14.94,0,23.82,98350.69,256.83,1
366,53771,-4.08,-13.41,-6.76,-0.01,-0.97,0.17,29.00,-7.32,-15.53,0,23.82,98350.69,256.83,1
367,53925,3.23,6.49,-1.14,0.10,-0.99,0.16,28.42,-7.32,-15.82,0,23.82,98350.69,256.83,1
368,54066,-3.63,-2.81,1.17,0.05,-0.98,0.14,29.00,-6.45,-15.23,0,23.82,98351.03,256.81,1
369,54205,0.70,4.73,-0.18,0.06,-0.98,0.13,29.00,-7.03,-16.11,0,23.82,98351.03,256.81,1
370,54345,3.94,-33.74,-0.53,0.01,-0.98,0.05,28.12,-7.03,-16.70,0,23.82,98351.03,256.81,1
371,54484,0.45,-14.45,1.40,0.05,-0.99,0.11,28.42,-7.32,-16.70,0,23.82,98351.03,256.81,1
372,54625,-8.07,-26.33,0.43,0.03,-0.98,0.06,29.00,-7.03,-17.29,0,23.82,98350.82,256.82,1
373,54769,-2.46,2.70,0.05,0.08,-1.00,0.07,28.42,-7.32,-18.16,0,23.82,98350.82,256.82,1
374,54906,-1.01,4.23,-0.31,0.05,-0.97,0.07,28.71,-7.62,-17.58,0,23.82,98350.82,256.82,1
375,55047,0.99,41.52,8.46,0.10,-0.99,0.07,28.42,-6.74,-16.70,0,23.82,98351.16,256.79,1
376,55184,-2.10,34.90,3.92,-0.02,-0.99,0.06,29.00,-6.74,-15.53,0,23.82,98351.16,256.79,1
377,55323,-0.63,63.73,6.63,0.06,-1.00,0.13,29.00,-6.15,-14.94,0,23.82,98351.16,256.79,1
378,55465,-4.87,29.04,-0.53,-0.03,-0.98,0.01,29.30,-5.86,-14.06,0,23.81,98351.11,256.80,1
379,55605,5.25,24.44,4.46,0.01,-1.01,0.04,29.30,-5.27,-12.89,0,23.81,98351.11,256.80,1
380,55743,4.90,8.83,3.40,-0.00,-1.00,0.05,29.59,-4.10,-12.30,0,23.81,98351.11,256.80,1
381,55881,1.74,-3.48,1.20,-0.00,-0.99,0.05,29.00,-4.98,-12.60,0,23.81,98351.11,256.80,1
382,56020,0.57,-24.54,-5.39,-0.02,-0.98,0.03,29.00,-4.98,-13.18,0,23.81,98351.62,256.76,1
383,56159,-8.64,-21.80,-1.01,0.02,-1.01,0.14,28.71,-5.57,-14.06,0,23.81,98351.62,256.76,1
384,56302,-7.32,-27.15,1.53,0.00,-0.96,0.04,29.00,-5.86,-15.23,0,23.81,98351.62,256.76,1
385,56439,0.69,-20.42,4.32,0.03,-1.00,0.04,29.59,-6.15,-14.94,0,23.81,98351.64,256.76,1
386,56580,8.75,-17.23,5.34,-0.00,-1.02,0.06,29.00,-6.45,-16.41,0,23.81,98351.64,256.76,1
387,56717,4.00,-28.34,2.53,-0.00,-0.99,0.08,29.00,-6.15,-16.41,0,23.81,98351.64,256.76,1
388,56857,6.61,-37.05,-3.04,-0.07,-1.03,0.01,29.88,-6.15,-16.70,0,23.81,98351.64,256.76,1
389,56994,14.12,-24.66,-1.82,0.01,-0.97,0.04,29.00,-6.45,-16.99,0,23.81,98351.80,256.74,1
390,57138,2.85,-4.85,-2.95,-0.04,-0.97,0.09,29.00,-6.74,-16.11,0,23.81,98351.80,256.74,1
391,57276,1.16,-4.32,-5.15,0.01,-0.97,0.11,29.59,-7.32,-16.41,0,23.81,98351.80,256.74,1
392,57414,2.85,7.85,1.81,0.06,-0.99,0.08,28.71,-6.74,-16.41,0,23.81,98351.60,256.76,1
393,57553,1.94,2.96,3.16,0.02,-0.97,0.09,29.00,-6.74,-15.82,0,23.81,98351.60,256.76,1
394,57692,-2.08,-0.86,-2.89,0.00,-0.99,0.10,29.00,-6.74,-16.11,0,23.81,98351.60,256.76,1
395,57835,3.43,-3.61,3.85,0.03,-1.00,0.09,29.88,-6.74,-16.70,0,23.81,98351.76,256.74,1
396,57972,-0.30,-2.36,-2.46,0.00,-0.97,0.10,29.00,-6.45,-16.41,0,23.81,98351.76,256.74,1
397,58112,-4.01,-9.69,-2.56,0.03,-0.98,0.08,29.00,-6.45,-17.29,0,23.81,98351.76,256.74,1
398,58250,-6.04,-6.86,3.42,0.05,-1.00,0.07,29.00,-7.03,-17.29,0,23.81,98351.76,256.74,1
399,58389,3.71,4.46,2.78,0.04,-0.99,0.05,28.71,-6.45,-17.29,0,23.81,98351.72,256.75,1
400,58526,8.02,2.53,2.21,0.02,-0.99,0.05,29.88,-6.74,-16.70,0,23.81,98351.72,256.75,1
401,58670,4.08,7.43,2.42,-0.02,-1.01,0.09,29.30,-6.74,-16.41,0,23.81,98351.72,256.75,1
402,58808,4.84,7.74,3.48,0.04,-0.99,0.07,29.00,-5.86,-16.11,0,23.81,98352.05,256.72,1
403,58947,2.47,9.57,3.24,0.00,-0.96,0.15,29.00,-6.15,-15.82,0,23.81,98352.05,256.72,1
404,59085,-0.06,1.85,-2.69,0.01,-0.98,0.12,29.30,-5.86,-15.23,0,23.81,98352.05,256.72,1
405,59224,1.85,1.90,0.24,0.02,-0.98,0.11,28.71,-6.15,-15.23,0,23.81,98352.05,256.72,1
406,59362,3.65,-0.05,0.10,0.01,-0.98,0.10,28.71,-6.45,-15.53,0,23.81,98352.39,256.69,1
407,59504,3.84,-3.79,-2.05,0.02,-0.99,0.12,29.59,-6.45,-16.11,0,23.81,98352.39,256.69,1
408,59643,1.53,-3.19,1.04,0.03,-1.00,0.13,29.59,-6.45,-15.53,0,23.81,98352.39,256.69,1
409,59782,0.41,-6.48,-0.42,0.01,-0.99,0.15,28.71,-6.74,-16.11,0,23.80,98352.17,256.71,1
410,59921,-0.89,-11.44,-2.37,0.00,-0.99,0.10,29.30,-6.74,-16.11,0,23.80,98352.17,256.71,1
411,60058,1.84,-13.60,0.38,0.04,-1.00,0.11,28.71,-6.45,-16.11,0,23.80,98352.17,256.71,1
412,60198,2.53,-28.24,1.56,0.01,-0.98,0.09,28.71,-7.03,-16.11,0,23.80,98352.35,256.69,1
413,60340,0.43,-50.51,-0.79,0.01,-1.01,0.07,29.00,-6.74,-17.87,0,23.80,98352.35,256.69,1
414,60479,-3.27,-52.86,2.12,0.02,-0.99,0.10,28.71,-7.03,-19.63,0,23.80,98352.35,256.69,1
415,60617,-3.33,-32.72,2.62,0.04,-0.99,0.13,28.71,-7.03,-19.92,0,23.80,98352.35,256.69,1
416,60756,-3.28,-19.91,3.28,0.04,-0.99,0.09,29.30,-6.45,-21.09,0,23.80,98352.14,256.71,1
417,60895,-0.05,5.97,2.94,0.05,-1.00,0.07,29.59,-6.74,-20.51,0,23.80,98352.14,256.71,1
418,61033,6.59,21.52,1.73,0.03,-0.98,0.04,28.71,-6.74,-20.51,0,23.80,98352.14,256.71,1
419,61176,-0.09,47.69,3.11,0.05,-1.00,0.16,29.88,-6.45,-19.34,0,23.80,98352.14,256.71,1
420,61314,-2.92,38.22,-1.32,-0.02,-1.02,0.04,29.30,-6.74,-18.46,0,23.80,98352.14,256.71,1
421,61454,4.67,25.99,0.15,0.01,-1.00,0.08,29.30,-6.74,-17.87,0,23.80,98352.14,256.71,1
422,61591,9.23,29.53,2.94,0.02,-0.99,0.09,28.71,-7.03,-16.11,0,23.80,98352.64,256.67,1
423,61731,2.46,49.22,12.08,0.06,-0.99,0.13,29.30,-5.57,-14.94,0,23.80,98352.64,256.67,1
424,61873,0.75,29.50,-0.60,-0.10,-0.96,0.18,29.30,-5.86,-13.77,0,23.80,98352.64,256.67,1
425,62012,-0.43,12.37,1.84,-0.06,-0.98,0.13,30.18,-5.27,-13.77,0,23.80,98352.64,256.67,1
426,62150,-8.57,-27.53,-14.18,-0.08,-1.01,0.04,29.00,-5.27,-14.65,0,23.80,98352.42,256.69,1
427,62289,-2.78,-45.81,-6.03,0.01,-0.99,0.04,29.30,-6.15,-15.82,0,23.80,98352.42,256.69,1
428,62428,-0.42,-36.40,1.98,-0.03,-1.01,0.04,28.71,-6.45,-16.99,0,23.80,98352.42,256.69,1
429,62566,10.58,-63.73,1.12,0.04,-1.02,0.07,28.71,-6.74,-17.87,0,23.80,98352.60,256.67,1
430,62709,8.67,-50.84,6.51,0.02,-0.97,0.13,29.59,-6.74,-19.63,0,23.80,98352.60,256.67,1
431,62848,-0.69,-24.86,-0.04,-0.02,-0.99,0.20,29.00,-7.03,-19.63,0,23.80,98352.60,256.67,1
432,62987,-17.28,-9.10,-6.01,0.04,-0.98,0.13,29.00,-6.15,-20.51,0,23.80,98352.60,256.67,1
433,63124,5.04,-10.55,-7.88,0.01,-1.03,0.01,29.00,-6.15,-21.39,0,23.80,98352.60,256.67,1
434,63264,15.31,-10.07,-10.37,0.04,-0.97,0.06,28.71,-7.03,-20.21,0,23.80,98352.60,256.67,1
435,63401,3.93,-35.43,-4.69,0.06,-0.97,0.15,29.00,-7.32,-21.39,0,23.80,98352.60,256.67,1
436,63545,-5.57,-27.31,-6.65,0.09,-0.97,0.09,28.42,-6.74,-22.27,0,23.80,98352.22,256.70,1
437,63684,3.10,-8.23,-1.34,0.14,-0.97,0.05,28.12,-6.74,-22.85,0,23.80,98352.22,256.70,1
438,63822,-0.51,-8.87,1.04,0.13,-0.98,0.06,27.83,-6.45,-23.14,0,23.80,98352.22,256.70,1
439,63961,-2.59,6.04,-0.53,0.11,-0.99,0.06,28.42,-6.45,-23.73,0,23.80,98352.55,256.68,1
440,64100,8.74,89.95,8.78,0.10,-0.99,0.03,28.12,-6.74,-21.68,0,23.80,98352.55,256.68,1
441,64243,9.48,67.10,-0.43,0.07,-0.95,0.15,28.71,-6.74,-18.46,0,23.80,98352.55,256.68,1
442,64380,2.02,62.58,14.34,0.13,-1.02,0.15,28.71,-7.62,-17.29,0,23.80,98352.55,256.68,1
443,64520,-1.43,24.39,8.71,-0.05,-1.02,0.18,28.71,-6.15,-16.11,0,23.79,98352.20,256.71,1
444,64657,-7.19,42.98,12.18,-0.01,-1.00,0.18,29.59,-6.45,-15.82,0,23.79,98352.20,256.71,1
445,64797,-6.21,17.98,16.40,0.02,-1.01,0.08,29.59,-5.27,-15.23,0,23.79,98352.20,256.71,1
446,64934,6.31,11.63,6.54,-0.12,-0.98,0.07,29.88,-4.10,-14.65,0,23.79,98352.37,256.69,1
447,65078,0.46,-5.81,-2.77,-0.10,-0.97,0.13,30.18,-4.69,-14.94,0,23.79,98352.37,256.69,1
448,65217,6.23,-26.22,-1.80,-0.07,-0.98,0.08,29.88,-4.98,-14.94,0,23.79,98352.37,256.69,1
449,65355,8.13,-23.29,-9.70,-0.08,-0.97,0.12,29.30,-5.57,-14.94,0,23.79,98352.37,256.69,1
450,65494,5.18,-40.92,-14.10,-0.04,-0.97,0.17,29.00,-6.74,-15.53,0,23.79,98352.37,256.69,1
451,65633,-4.38,-26.32,0.31,0.09,-1.00,0.16,28.71,-6.45,-16.70,0,23.79,98352.37,256.69,1
452,65771,5.46,-20.29,1.06,0.04,-0.99,0.16,29.30,-6.45,-16.99,0,23.79,98352.37,256.69,1
453,65913,3.10,-65.59,-16.53,-0.04,-0.95,0.07,29.59,-7.32,-17.87,0,23.79,98352.37,256.69,1
454,66053,9.00,-33.65,-14.50,0.19,-0.98,0.19,28.12,-7.91,-19.34,0,23.79,98352.37,256.69,1
455,66190,3.06,-14.45,3.07,0.13,-0.98,0.19,28.12,-8.50,-19.63,0,23.79,98352.37,256.69,1
456,66330,-0.89,-14.43,-3.45,0.14,-0.97,0.17,28.42,-7.91,-20.51,0,23.79,98351.99,256.73,1
457,66467,-0.23,2.65,3.27,0.15,-0.97,0.14,28.12,-7.32,-20.80,0,23.79,98351.99,256.73,1
458,66611,1.79,1.47,0.43,0.12,-0.98,0.16,27.83,-6.74,-20.51,0,23.79,98351.99,256.73,1
459,66749,1.34,-3.28,-5.26,0.13,-0.97,0.15,28.12,-8.20,-19.92,0,23.79,98351.99,256.73,1
460,66888,0.29,-3.96,-5.10,0.16,-0.97,0.15,28.12,-8.20,-20.51,0,23.79,98352.32,256.70,1
461,67026,0.78,0.82,-1.87,0.18,-0.98,0.18,27.83,-8.20,-20.51,0,23.79,98352.32,256.70,1
462,67165,0.86,1.27,2.77,0.17,-0.97,0.17,27.54,-8.20,-20.21,0,23.79,98352.32,256.70,1
463,67304,1.72,2.72,2.20,0.17,-0.98,0.16,28.42,-8.20,-20.51,0,23.79,98352.50,256.68,1
464,67445,1.09,-0.01,0.81,0.15,-0.97,0.15,27.83,-8.20,-20.21,0,23.79,98352.50,256.68,1
465,67585,1.65,-1.21,-2.72,0.16,-0.96,0.17,28.12,-7.91,-19.63,0,23.79,98352.50,256.68,1
466,67722,0.45,1.40,0.17,0.17,-0.98,0.16,28.12,-8.20,-19.63,0,23.79,98352.50,256.72,1
467,67862,1.92,3.36,2.27,0.17,-0.97,0.15,28.12,-8.79,-20.21,0,23.79,98352.11,256.72,1
468,67998,1.15,5.44,1.59,0.15,-0.97,0.16,27.83,-7.32,-19.34,0,23.79,98352.11,256.72,1
469,68139,-0.21,4.80,2.66,0.17,-0.98,0.16,27.54,-7.62,-19.92,0,23.79,98352.11,256.72,1
470,68279,0.24,26.50,8.79,0.16,-0.97,0.17,28.42,-7.91,-18.75,0,23.79,98352.28,256.70,1
471,68416,-1.74,61.91,10.66,0.11,-0.98,0.18,29.00,-7.62,-17.87,0,23.79,98352.28,256.70,1
472,68554,-4.65,-101.48,-16.33,0.05,-1.05,0.20,27.54,-7.91,-19.92,0,23.79,98352.28,256.70,1
473,68719,7.77,-79.41,-1.83,0.23,-0.95,0.12,27.83,-7.62,-22.27,0,23.79,98352.45,256.69,1
474,68884,1.91,-47.65,14.95,0.21,-0.94,0.09,27.83,-6.15,-23.73,0,23.79,98352.45,256.69,1
475,69047,5.57,-31.81,0.63,0.12,-0.96,0.09,28.71,-5.27,-24.90,0,23.79,98352.45,256.69,1
476,69222,1.53,14.68,4.10,0.13,-0.98,0.06,28.42,-5.57,-25.20,0,23.79,98352.24,256.70,1
477,69386,-0.99,63.77,9.31,0.15,-0.97,0.07,29.00,-5.57,-24.02,0,23.79,98352.24,256.70,1
478,69552,-8.16,123.76,18.57,0.08,-0.98,0.14,28.42,-6.45,-21.09,0,23.79,98352.24,256.70,1
479,69714,-2.43,104.22,5.74,0.00,-0.97,0.15,29.59,-6.74,-17.29,0,23.78,98352.02,256.72,1
480,69878,3.84,56.50,-0.80,0.03,-1.01,0.11,29.00,-6.45,-15.53,0,23.78,98352.02,256.72,1
481,70046,-1.37,27.50,15.22,0.04,-1.02,0.10,29.30,-5.27,-14.65,0,23.78,98352.02,256.72,1
482,70185,11.35,10.22,4.55,-0.15,-0.98,0.08,29.59,-5.27,-14.36,0,23.78,98352.19,256.71,1
483,70351,1.08,1.61,3.10,-0.10,-0.99,0.19,29.59,-4.69,-13.77,0,23.78,98352.19,256.71,1
484,70516,-2.37,-4.11,7.45,-0.09,-0.99,0.12,29.59,-4.69,-14.06,0,23.78,98352.19,256.71,1
485,70679,-4.18,11.90,0.72,-0.11,-0.99,0.13,29.59,-3.81,-14.36,0,23.78,98351.98,256.73,1
486,70843,-4.61,-14.24,-8.19,-0.07,-0.99,0.10,30.76,-4.69,-14.06,0,23.78,98351.98,256.73,1
487,70990,1.75,-16.54,1.10,-0.08,-0.99,0.07,29.59,-5.27,-14.94,0,23.78,98351.98,256.73,1
488,71152,-1.63,-14.57,-5.29,-0.07,-0.98,0.12,29.59,-5.57,-15.82,0,23.78,98351.98,256.73,1
489,71317,8.83,-4.23,-0.89,-0.05,-1.00,0.09,30.18,-5.57,-14.65,0,23.78,98351.98,256.73,1
490,71481,3.81,0.89,2.30,-0.03,-0.97,0.17,28.71,-5.57,-15.23,0,23.78,98351.98,256.73,1
491,71645,-3.94,0.75,-2.05,-0.09,-0.98,0.10,29.88,-5.86,-15.23,0,23.78,98351.63,256.76,1
492,71810,1.76,11.92,1.25,-0.00,-1.00,0.09,29.59,-5.57,-14.65,0,23.78,98351.63,256.76,1
493,71956,-1.97,24.72,-0.82,-0.07,-0.97,0.11,30.18,-5.57,-14.36,0,23.78,98351.63,256.76,1
494,72094,-14.72,17.49,-3.59,-0.06,-0.99,0.11,29.59,-4.98,-14.36,0,23.78,98351.79,256.74,1
495,72233,-10.63,20.81,-3.02,-0.04,-0.97,0.02,29.30,-5.27,-14.36,0,23.78,98351.79,256.74,1
496,72373,-4.36,26.89,5.26,-0.00,-1.01,0.07,29.88,-4.39,-14.06,0,23.78,98351.79,256.74,1
497,72512,-6.74,7.20,-1.74,-0.04,-1.01,-0.00,29.88,-4.98,-14.94,0,23.78,98351.79,256.74,1
498,72654,2.72,-7.07,-2.05,-0.03,-0.98,-0.07,30.18,-4.98,-14.36,0,23.78,98351.79,256.74,1
499,72793,5.21,-8.53,2.98,-0.03,-1.00,0.00,30.18,-5.57,-14.36,0,23.78,98351.79,256.74,1
500,72932,4.35,-9.27,-1.56,-0.04,-0.98,0.07,29.00,-5.27,-14.36,0,23.78,98351.97,256.73,1
501,73070,8.83,-25.30,-2.01,-0.03,-1.00,0.00,29.30,-4.69,-14.94,0,23.78,98351.97,256.73,1
502,73210,10.12,-24.86,-2.30,-0.02,-0.99,0.07,29.30,-5.86,-14.94,0,23.78,98351.97,256.73,1
503,73374,4.84,-24.64,-4.00,-0.02,-0.99,0.11,29.88,-5.57,-14.94,0,23.78,98351.97,256.73,1
504,73517,-0.45,-29.20,-7.45,-0.03,-0.99,0.09,28.42,-7.03,-16.41,0,23.78,98351.97,256.73,1
505,73680,-2.46,-41.89,-3.78,0.03,-0.99,0.11,29.30,-7.32,-17.87,0,23.78,98351.97,256.73,1
506,73845,-4.72,-101.73,4.58,0.09,-0.97,0.14,28.42,-6.74,-20.80,0,23.78,98351.97,256.73,1
507,73985,14.93,-80.05,6.86,0.07,-0.99,0.09,29.30,-5.86,-22.56,0,23.78,98351.97,256.73,1
508,74123,11.80,-64.17,0.37,0.01,-1.00,0.14,29.59,-4.98,-23.44,0,23.78,98351.97,256.73,1
509,74286,8.22,-56.15,-6.35,0.01,-1.00,0.11,28.71,-5.27,-24.32,0,23.78,98351.97,256.73,1
510,74431,-3.20,-60.01,-3.75,0.00,-1.00,0.13,29.00,-3.52,-25.78,0,23.78,98351.79,256.74,1
511,74570,-10.06,-26.54,10.58,0.07,-0.98,0.04,29.30,-2.34,-27.25,0,23.78,98351.79,256.74,1
512,74708,-7.80,-20.51,4.95,0.01,-0.99,0.03,28.71,-2.05,-27.25,0,23.78,98351.79,256.74,1
513,74848,1.01,-10.92,-0.50,0.07,-0.98,0.01,28.42,-1.46,-27.83,0,23.78,98351.79,256.74,1
514,74986,-7.93,-2.30,-1.05,0.07,-0.99,0.05,29.00,-1.76,-28.12,0,23.78,98351.79,256.74,1
515,75130,-2.55,29.78,-1.08,0.05,-0.99,-0.00,28.71,-2.34,-27.83,0,23.78,98351.79,256.74,1
516,75269,-2.98,37.66,-14.84,0.05,-0.94,0.03,28.42,-2.64,-27.54,0,23.78,98351.79,256.74,1
517,75408,0.66,56.81,2.11,0.15,-0.96,0.05,28.71,-4.10,-26.07,0,23.78,98351.97,256.73,1
518,75546,-0.38,78.30,24.70,0.12,-0.97,0.00,28.71,-4.98,-25.20,0,23.78,98351.97,256.73,1
519,75685,5.59,54.32,23.14,0.11,-1.00,0.03,29.00,-5.57,-23.14,0,23.78,98351.97,256.73,1
520,75824,12.50,28.40,30.11,-0.10,-1.04,-0.05,29.59,-4.98,-22.27,0,23.78,98351.97,256.73,1
521,75966,14.68,-6.62,6.50,-0.07,-1.02,0.15,29.88,-4.39,-21.68,0,23.78,98351.97,256.73,1
522,76106,5.56,-11.61,-13.75,-0.16,-0.96,0.00,29.88,-4.39,-21.09,0,23.78,98351.97,256.73,1
523,76243,-3.30,-4.78,-7.43,-0.03,-1.00,0.10,30.18,-4.69,-21.39,0,23.78,98351.97,256.73,1
524,76384,-15.08,-7.70,-0.38,0.06,-1.07,0.19,29.88,-5.27,-21.68,0,23.78,98351.97,256.73,1
525,76521,-17.30,-7.53,10.19,0.01,-1.04,0.08,29.30,-5.27,-22.56,0,23.78,98351.97,256.73,1
526,76661,-6.29,0.69,9.51,-0.04,-0.98,-0.00,29.59,-4.10,-24.02,0,23.78,98351.97,256.73,1
527,76804,12.42,1.79,11.24,-0.05,-0.97,0.04,29.30,-3.81,-23.14,0,23.78,98351.97,256.73,1
528,76942,12.45,3.87,0.47,-0.10,-1.00,0.12,29.88,-4.10,-22.85,0,23.78,98351.97,256.73,1
529,77081,6.53,3.94,-5.66,-0.11,-0.92,0.09,29.88,-4.10,-22.85,0,23.78,98351.97,256.73,1
530,77220,1.05,-8.32,-12.84,-0.04,-0.98,0.11,29.88,-4.39,-22.27,0,23.78,98352.32,256.70,1
531,77359,-6.48,0.44,-0.91,-0.12,-1.01,0.18,29.00,-4.39,-22.56,0,23.78,98352.32,256.70,1
532,77501,-26.94,6.97,-4.52,-0.10,-1.01,0.10,29.88,-4.69,-23.14,0,23.78,98352.32,256.70,1
533,77640,-6.64,2.33,2.40,0.02,-0.98,0.03,29.59,-5.27,-23.73,0,23.78,98352.32,256.70,1
534,77778,11.57,-2.83,0.05,-0.04,-1.00,-0.05,29.00,-4.10,-24.02,0,23.78,98352.32,256.70,1
535,77918,3.62,1.34,3.22,-0.03,-0.99,0.02,29.30,-4.69,-23.73,0,23.78,98352.32,256.70,1
536,78056,11.70,3.66,1.22,-0.00,-0.96,-0.02,29.88,-4.39,-23.14,0,23.78,98352.32,256.70,1
537,78195,8.93,11.19,-3.54,-0.02,-0.99,0.04,29.88,-4.98,-23.44,0,23.78,98352.87,256.65,1
538,78338,-7.00,14.67,5.49,-0.01,-1.00,0.09,29.59,-5.27,-22.85,0,23.78,98352.87,256.65,1
539,78477,-18.84,9.56,11.96,-0.04,-0.99,0.05,29.59,-4.98,-23.14,0,23.78,98352.87,256.65,1
540,78615,0.98,20.03,6.71,-0.12,-0.98,-0.03,29.59,-4.98,-23.14,0,23.78,98352.87,256.65,1
541,78754,6.09,17.17,-6.56,-0.02,-0.99,0.01,29.30,-4.69,-22.56,0,23.78,98352.87,256.65,1
542,78893,6.52,23.59,-5.20,-0.05,-0.98,-0.02,29.59,-5.27,-21.68,0,23.78,98352.87,256.65,1
543,79032,6.99,16.11,-1.90,-0.03,-1.01,0.01,28.71,-5.57,-21.09,0,23.78,98352.87,256.65,1
544,79198,4.92,10.15,3.60,0.01,-0.98,0.02,29.88,-5.86,-20.21,0,23.78,98353.04,256.63,1
545,79339,-0.70,2.56,3.46,-0.05,-0.98,0.02,30.47,-5.57,-20.21,0,23.78,98353.04,256.63,1
546,79477,-5.56,3.80,5.22,-0.02,-0.99,0.03,30.18,-5.86,-20.51,0,23.78,98353.04,256.63,1
547,79617,3.72,-15.21,-0.60,-0.05,-0.99,-0.01,29.30,-5.86,-20.80,0,23.79,98353.25,256.62,1
548,79755,3.07,-9.90,2.69,-0.05,-1.02,0.04,30.18,-5.27,-21.39,0,23.79,98353.25,256.62,1
549,79894,0.20,6.39,-4.74,-0.05,-0.97,0.02,29.00,-5.27,-20.80,0,23.79,98353.25,256.62,1
550,80036,-6.05,11.97,1.35,0.06,-0.95,0.01,29.00,-5.86,-21.09,0,23.79,98353.08,256.63,1
551,80176,7.64,5.82,3.96,-0.08,-0.96,-0.04,29.30,-5.57,-21.39,0,23.79,98353.08,256.63,1
552,80314,0.91,3.52,-1.05,-0.08,-0.97,0.07,29.88,-5.57,-20.21,0,23.79,98353.08,256.63,1
553,80453,-6.09,7.35,-2.78,-0.04,-0.99,0.01,29.30,-5.57,-21.39,0,23.79,98353.08,256.63,1
554,80591,-0.06,3.16,4.20,-0.01,-0.98,-0.01,29.30,-5.86,-19.92,0,23.79,98352.91,256.65,1
555,80734,5.74,4.26,-0.85,-0.06,-0.97,-0.00,29.88,-4.98,-19.92,0,23.79,98352.91,256.65,1
556,80874,-1.18,4.97,-2.52,-0.05,-0.99,0.03,29.88,-5.57,-19.63,0,23.79,98352.91,256.65,1
557,81011,4.99,5.36,6.32,0.00,-0.99,-0.03,29.59,-5.57,-20.51,0,23.79,98353.30,256.61,1
558,81152,12.20,1.83,2.74,-0.06,-0.98,0.02,29.59,-6.15,-19.63,0,23.79,98353.30,256.61,1
559,81290,1.67,6.87,-0.92,-0.05,-0.97,0.07,30.18,-5.57,-18.75,0,23.79,98353.30,256.61,1
560,81429,-1.34,7.52,-2.99,-0.05,-0.98,0.04,30.18,-5.86,-19.63,0,23.79,98353.30,256.61,1
561,81571,0.24,-5.26,4.16,-0.02,-0.98,0.04,29.59,-5.57,-19.34,0,23.79,98353.30,256.61,1
562,81711,-0.62,3.59,-1.07,-0.08,-0.99,0.04,29.88,-5.86,-19.34,0,23.79,98353.30,256.61,1
563,81849,0.21,4.62,-0.40,-0.01,-0.98,0.02,30.18,-5.86,-19.34,0,23.79,98353.30,256.61,1
564,81988,7.56,2.59,1.81,-0.04,-0.99,0.03,29.59,-6.45,-19.34,0,23.79,98353.30,256.61,1
565,82127,2.53,-0.55,-0.06,0.02,-0.97,0.02,29.59,-5.86,-18.75,0,23.79,98353.30,256.61,1
566,82266,7.03,-0.53,0.58,-0.03,-0.98,0.02,29.59,-5.86,-19.04,0,23.79,98353.30,256.61,1
567,82409,-1.18,2.25,-2.96,-0.04,-1.00,0.06,29.30,-5.86,-18.75,0,23.79,98353.52,256.59,1
568,82547,-3.72,0.10,0.17,-0.01,-1.00,0.03,29.59,-6.45,-18.75,0,23.79,98353.52,256.59,1
569,82688,-4.83,2.62,-2.07,-0.03,-1.10,0.05,29.88,-5.86,-19.34,0,23.79,98353.52,256.59,1
570,82825,11.96,-6.70,5.02,-0.01,-0.97,0.07,29.30,-5.86,-18.46,0,23.79,98353.52,256.59,1
571,82965,4.04,5.09,14.48,-0.02,-1.00,0.16,29.59,-4.98,-19.34,0,23.79,98353.52,256.59,1
572,83107,-7.67,-1.40,-7.22,-0.02,-1.03,0.05,29.59,-6.74,-18.75,0,23.79,98353.52,256.59,1
573,83246,-7.07,-0.04,-0.48,-0.08,-1.04,0.03,29.88,-5.27,-19.34,0,23.79,98353.52,256.59,1
574,83385,-0.85,-2.36,2.91,-0.04,-0.96,-0.15,29.00,-5.86,-19.04,0,23.79,98353.52,256.59,1
575,83524,-2.15,3.20,-6.57,0.01,-0.97,0.12,29.30,-5.57,-19.34,0,23.79,98353.52,256.59,1
576,83662,3.17,3.15,7.53,0.31,-1.05,-0.02,29.88,-6.15,-19.63,0,23.79,98353.52,256.59,1
577,83802,6.50,5.05,-3.46,0.01,-1.03,0.04,28.71,-6.15,-19.63,0,23.79,98353.52,256.59,1
578,83945,1.56,-1.99,-8.54,0.02,-0.97,0.01,29.00,-6.74,-20.21,0,23.79,98353.52,256.59,1
579,84082,-0.53,1.84,4.67,0.10,-1.04,0.02,28.71,-6.45,-19.92,0,23.79,98353.52,256.59,1
580,84222,5.55,1.66,-7.03,-0.01,-0.97,-0.00,29.00,-6.45,-19.04,0,23.79,98353.52,256.59,1
581,84360,-0.98,2.44,0.84,0.05,-0.92,0.03,28.71,-7.32,-19.34,0,23.79,98353.56,256.59,1
582,84500,6.81,0.12,7.34,0.03,-0.98,0.01,29.30,-7.03,-19.34,0,23.79,98353.56,256.59,1
583,84637,-2.12,0.43,2.72,-0.04,-1.01,-0.03,29.00,-6.45,-18.75,0,23.79,98353.56,256.59,1
584,84781,5.03,-2.11,7.53,-0.04,-0.99,0.02,29.59,-6.45,-19.34,0,23.79,98353.56,256.59,1
585,84920,-2.31,-0.31,5.44,-0.03,-1.00,-0.01,29.30,-6.45,-19.34,0,23.79,98353.56,256.59,1
586,85059,-2.43,0.79,7.95,-0.06,-1.00,0.03,30.18,-5.86,-19.63,0,23.79,98353.56,256.59,1
587,85197,4.27,-3.63,-4.95,-0.08,-1.09,0.15,29.88,-5.27,-19.34,0,23.79,98353.39,256.60,1
588,85337,-1.39,0.38,-7.89,-0.09,-0.99,0.04,29.88,-5.57,-18.46,0,23.79,98353.39,256.60,1
589,85475,4.68,3.49,-2.63,-0.20,-1.04,0.07,29.59,-5.57,-19.34,0,23.79,98353.39,256.60,1
590,85617,6.63,7.74,-0.27,-0.02,-0.96,0.02,29.88,-6.15,-18.75,0,23.79,98353.39,256.60,1
591,85757,-6.05,22.19,-3.83,-0.00,-0.99,0.06,29.88,-6.15,-18.75,0,23.79,98353.39,256.60,1
592,85895,0.19,2.99,3.02,0.04,-1.01,0.15,29.88,-5.86,-18.46,0,23.79,98353.39,256.60,1
593,86035,0.31,0.73,-1.40,0.02,-0.91,0.06,29.00,-6.15,-18.46,0,23.79,98353.39,256.60,1
594,86172,-1.46,-6.99,-0.24,-0.02,-0.99,0.07,29.59,-5.57,-18.16,0,23.80,98353.57,256.59,1
595,86317,1.20,1.56,-1.85,-0.06,-1.02,0.04,29.30,-6.45,-18.16,0,23.80,98353.57,256.59,1
596,86455,-0.40,-2.53,-7.78,-0.05,-0.99,0.05,29.30,-6.45,-18.16,0,23.80,98353.57,256.59,1
597,86594,-2.59,0.42,12.21,0.05,-0.93,0.03,29.59,-5.86,-18.75,0,23.80,98353.57,256.59,1
598,86732,1.73,0.56,2.69,-0.04,-0.98,0.03,29.30,-5.86,-17.87,0,23.80,98353.40,256.60,1
599,86872,-10.27,-0.21,6.45,-0.02,-1.01,0.05,29.59,-5.86,-18.16,0,23.80,98353.40,256.60,1
600,87011,4.14,3.08,-4.20,0.03,-0.98,0.10,29.30,-6.45,-18.46,0,23.80,98353.40,256.60,1
601,87152,-0.61,-0.92,-0.45,-0.06,-0.98,0.02,29.59,-6.15,-18.75,0,23.80,98353.61,256.59,1
602,87292,-1.62,-0.66,-5.38,-0.02,-1.00,0.03,29.88,-6.15,-19.34,0,23.80,98353.61,256.59,1
603,87431,21.45,1.46,15.31,0.05,-1.06,-0.17,29.59,-5.27,-19.04,0,23.80,98353.61,256.59,1
604,87571,3.37,2.72,7.72,-0.01,-0.99,0.07,30.18,-6.45,-17.58,0,23.80,98353.28,256.61,1
605,87708,1.69,-0.11,1.70,-0.05,-1.00,0.09,29.30,-5.86,-18.16,0,23.80,98353.28,256.61,1
606,87848,0.14,-0.22,-3.45,-0.06,-0.99,0.04,29.59,-5.86,-18.16,0,23.80,98353.28,256.61,1
607,87991,5.33,1.66,-2.64,-0.03,-0.97,0.09,29.59,-6.74,-18.46,0,23.80,98353.28,256.61,1
608,88129,-4.60,4.32,-2.33,-0.01,-0.99,0.10,29.00,-6.15,-17.58,0,23.80,98353.28,256.61,1
609,88268,-9.79,3.11,-0.89,-0.01,-0.99,0.08,29.59,-5.86,-18.46,0,23.80,98353.28,256.61,1
610,88408,-9.00,-2.60,6.48,-0.02,-0.99,-0.02,30.18,-5.57,-18.75,0,23.80,98353.28,256.61,1
611,88546,3.43,-3.24,3.97,-0.03,-0.98,-0.01,29.30,-6.45,-18.75,0,23.80,98352.94,256.64,1
612,88688,-4.19,-2.05,-0.24,-0.05,-0.99,0.00,29.88,-5.27,-18.16,0,23.80,98352.94,256.64,1
613,88828,3.54,-2.15,-3.15,-0.02,-0.98,-0.01,29.59,-5.86,-19.04,0,23.80,98352.94,256.64,1
614,88966,0.72,-8.48,-1.39,-0.03,-1.00,0.03,28.71,-6.45,-19.34,0,23.80,98352.94,256.64,1
615,89106,9.65,3.72,-7.29,-0.09,-0.96,0.17,30.18,-5.57,-18.75,0,23.80,98353.11,256.63,1
616,89244,4.95,-6.02,1.59,-0.04,-1.06,0.07,29.30,-6.15,-18.75,0,23.80,98353.11,256.63,1
617,89383,-10.75,-0.24,5.32,-0.02,-1.00,0.03,30.47,-6.15,-19.04,0,23.80,98353.11,256.63,1
618,89526,0.10,8.02,-1.63,-0.03,-0.97,0.01,29.59,-5.86,-19.04,0,23.80,98353.49,256.60,1
619,89665,-5.15,9.19,-2.21,-0.01,-1.00,0.08,30.18,-6.15,-19.04,0,23.80,98353.49,256.60,1
620,89803,2.92,3.18,0.01,-0.18,-1.03,0.00,29.30,-5.57,-18.75,0,23.80,98353.49,256.60,1
621,89943,-4.87,2.37,5.68,-0.02,-0.97,0.08,29.30,-5.57,-18.75,0,23.80,98353.32,256.61,1
622,90081,3.36,2.72,-1.00,-0.03,-1.02,-0.01,29.59,-5.57,-18.16,0,23.80,98353.32,256.61,1
623,90220,-4.22,-1.37,4.26,-0.04,-1.03,0.03,29.88,-5.86,-19.04,0,23.80,98353.32,256.61,1
624,90363,1.99,-1.42,-5.32,-0.03,-0.98,-0.01,29.88,-6.15,-19.04,0,23.80,98353.32,256.61,1
625,90502,6.87,-2.08,2.24,-0.02,-0.99,0.02,29.59,-6.15,-19.34,0,23.80,98353.32,256.61,1
626,90642,-15.80,-19.74,-4.95,0.00,-0.87,0.15,29.59,-5.86,-18.75,0,23.80,98353.32,256.61,1
627,90779,20.32,2.61,6.53,0.01,-1.01,-0.02,29.30,-6.15,-19.04,0,23.80,98353.32,256.61,1
628,90919,17.92,4.02,1.35,-0.05,-0.97,0.08,29.30,-6.15,-17.87,0,23.80,98353.15,256.63,1
629,91057,7.89,1.86,3.30,-0.03,-1.00,0.13,29.59,-5.57,-17.58,0,23.80,98353.15,256.63,1
630,91200,-4.62,-6.55,-0.30,-0.06,-0.99,0.12,29.88,-5.57,-17.29,0,23.80,98353.15,256.63,1
631,91339,-17.29,-2.99,-3.27,-0.03,-0.99,0.13,29.59,-5.57,-18.46,0,23.80,98353.15,256.59,1
632,91478,-22.10,-6.16,-0.28,-0.01,-0.96,0.04,29.30,-5.86,-19.04,0,23.80,98353.53,256.59,1
633,91617,-8.48,3.49,5.76,-0.00,-0.98,-0.06,29.30,-6.15,-19.92,0,23.80,98353.53,256.59,1
634,91756,0.85,-1.69,1.98,-0.05,-1.00,0.01,29.59,-5.86,-19.92,0,23.80,98353.53,256.59,1
635,91899,3.89,-5.69,7.69,-0.06,-0.99,-0.04,29.59,-5.57,-20.21,0,23.80,98353.36,256.61,1
636,92037,21.37,-10.88,-3.95,-0.04,-0.96,-0.01,30.18,-5.27,-19.63,0,23.80,98353.36,256.61,1
637,92177,10.62,1.88,-5.58,-0.06,-0.98,0.06,29.30,-5.57,-19.63,0,23.80,98353.36,256.61,1
638,92315,3.86,1.50,2.47,-0.01,-1.01,0.10,29.59,-5.86,-18.75,0,23.80,98353.36,256.61,1
639,92454,-11.56,4.87,-1.26,-0.07,-1.01,0.09,29.59,-5.57,-18.16,0,23.80,98353.36,256.61,1
640,92593,2.42,-4.39,-2.07,0.01,-0.98,-0.00,30.18,-6.15,-19.04,0,23.80,98353.36,256.61,1
641,92736,-1.89,8.92,1.46,-0.03,-0.99,0.04,29.59,-6.15,-18.75,0,23.80,98353.36,256.61,1
642,92875,0.79,3.55,5.62,-0.01,-1.00,0.03,29.59,-6.45,-19.04,0,23.81,98353.75,256.58,1
643,93014,3.08,7.70,4.01,-0.04,-0.97,0.02,29.00,-5.86,-18.75,0,23.81,98353.75,256.58,1
644,93153,11.80,5.15,2.51,-0.04,-0.99,0.04,29.30,-5.57,-18.75,0,23.81,98353.75,256.58,1
645,93291,4.08,7.95,6.80,-0.06,-1.00,0.10,30.18,-5.27,-17.87,0,23.81,98353.58,256.59,1
646,93430,-5.09,6.49,1.35,-0.05,-1.00,0.07,29.88,-5.86,-18.75,0,23.81,98353.58,256.59,1
647,93573,-0.71,3.68,-4.88,-0.09,-1.00,0.08,30.18,-5.86,-17.87,0,23.81,98353.58,256.59,1
648,93712,-0.60,5.15,-3.51,-0.03,-0.99,0.05,29.59,-6.15,-17.87,0,23.81,98353.58,256.59,1
649,93850,-3.10,3.23,3.51,-0.01,-0.98,0.05,29.88,-5.57,-18.46,0,23.81,98353.58,256.59,1
650,93990,-3.63,8.58,4.46,-0.06,-1.00,0.02,30.76,-5.27,-18.16,0,23.81,98353.58,256.59,1
651,94128,-1.63,-3.55,0.01,-0.02,-0.98,0.04,29.59,-4.69,-18.46,0,23.81,98353.58,256.59,1
652,94271,-7.00,3.97,-0.16,-0.03,-1.00,-0.03,30.18,-5.27,-18.75,0,23.81,98353.96,256.56,1
653,94410,-3.09,-3.40,-11.57,-0.07,-1.00,-0.01,30.18,-5.86,-19.04,0,23.81,98353.96,256.56,1
654,94548,-1.95,8.02,-6.41,0.03,-1.02,-0.03,29.88,-6.15,-19.34,0,23.81,98353.96,256.56,1
655,94688,7.27,-1.03,2.43,-0.01,-0.99,-0.02,29.30,-5.57,-19.04,0,23.81,98353.79,256.57,1
656,94827,6.13,-3.04,7.13,0.03,-1.00,0.03,29.59,-6.74,-19.04,0,23.81,98353.79,256.57,1
657,94965,7.23,-8.67,9.27,-0.03,-0.97,0.01,29.00,-6.15,-19.04,0,23.81,98353.79,256.57,1
658,95108,-2.66,-2.62,1.34,-0.08,-0.97,-0.02,29.88,-5.57,-19.04,0,23.81,98353.79,256.57,1
659,95248,3.66,6.89,-1.94,-0.02,-1.01,-0.00,29.88,-6.15,-19.63,0,23.81,98353.63,256.59,1
660,95385,1.82,-1.34,-1.27,-0.04,-0.98,0.02,29.30,-6.15,-19.34,0,23.81,98353.63,256.59,1
661,95525,-2.78,7.79,-3.77,-0.02,-0.99,0.01,29.88,-6.15,-19.04,0,23.81,98353.63,256.59,1
662,95663,4.41,-2.15,1.24,0.01,-0.98,0.01,29.30,-6.45,-19.04,0,23.81,98353.63,256.59,1
663,95803,5.26,-3.20,7.16,0.00,-0.95,0.03,29.00,-5.57,-19.04,0,23.81,98353.63,256.59,1
664,95945,-2.25,5.82,-3.27,-0.04,-1.00,0.05,29.88,-6.74,-18.75,0,23.81,98353.63,256.59,1
665,96084,2.11,-0.19,-1.59,-0.03,-1.00,-0.03,29.59,-5.86,-19.34,0,23.81,98354.00,256.55,1
666,96223,5.66,-8.60,3.18,-0.02,-1.01,0.01,29.59,-5.86,-18.46,0,23.81,98354.00,256.55,1
667,96362,4.78,-2.33,-2.56,-0.02,-0.98,0.04,29.88,-5.86,-18.46,0,23.81,98354.00,256.55,1
668,96500,4.54,-4.91,2.20,-0.00,-0.98,0.04,29.88,-5.27,-18.46,0,23.81,98354.00,256.55,1
669,96640,-1.21,-7.55,2.23,-0.02,-1.00,0.07,29.30,-6.15,-19.34,0,23.81,98353.46,256.60,1
670,96783,-1.46,-5.31,-4.32,-0.02,-1.00,0.03,29.00,-6.15,-19.04,0,23.81,98353.46,256.60,1
671,96920,3.15,-6.28,-4.72,-0.01,-1.00,0.02,29.30,-6.15,-19.04,0,23.81,98353.46,256.60,1
672,97060,3.04,0.63,-4.21,0.01,-0.98,0.03,29.59,-6.45,-19.34,0,23.81,98353.83,256.57,1
673,97199,-1.50,-1.90,-1.91,0.01,-0.98,0.05,29.00,-6.15,-19.34,0,23.81,98353.83,256.57,1
674,97338,2.00,-0.41,0.55,0.03,-0.99,0.01,29.30,-7.03,-19.92,0,23.81,98353.83,256.57,1
675,97480,1.53,-5.55,5.17,0.02,-0.98,0.05,29.00,-6.45,-19.63,0,23.81,98353.83,256.57,1
676,97619,-4.65,-0.77,4.33,0.01,-0.99,0.06,29.30,-6.45,-19.63,0,23.81,98353.83,256.57,1
677,97758,1.43,-6.90,2.03,-0.01,-1.00,-0.00,29.59,-6.15,-19.63,0,23.81,98353.83,256.57,1
678,97897,5.13,-5.34,1.96,0.01,-0.99,0.01,29.59,-5.86,-20.21,0,23.81,98353.83,256.57,1
679,98035,2.58,-2.37,2.38,0.01,-0.98,0.02,29.30,-5.86,-19.34,0,23.81,98353.67,256.58,1
680,98174,0.25,3.14,1.63,-0.01,-1.00,0.03,29.59,-5.57,-19.92,0,23.81,98353.67,256.58,1
681,98317,0.99,1.27,-0.60,-0.03,-0.98,0.03,29.00,-6.15,-19.92,0,23.81,98353.67,256.58,1
682,98455,-0.12,3.65,1.47,0.01,-0.99,0.04,29.59,-5.86,-19.92,0,23.81,98353.50,256.60,1
683,98594,-3.36,1.88,0.93,-0.02,-0.99,0.03,29.59,-5.86,-19.92,0,23.81,98353.50,256.60,1
684,98732,5.63,4.82,2.96,-0.00,-0.98,0.02,28.71,-5.86,-19.92,0,23.81,98353.50,256.60,1
685,98873,-6.16,3.95,4.88,-0.02,-1.00,0.05,29.30,-6.15,-20.21,0,23.81,98353.50,256.60,1
686,99010,-4.68,5.33,-8.51,-0.04,-0.99,-0.02,29.59,-6.45,-20.21,0,23.81,98353.50,256.60,1
687,99150,-1.23,0.95,-1.99,0.02,-1.00,0.01,28.71,-6.15,-20.21,0,23.81,98353.50,256.60,1
688,99289,2.14,-2.83,0.34,0.01,-0.99,-0.02,29.00,-7.03,-20.21,0,23.81,98353.50,256.60,1
689,99452,5.03,-2.65,3.95,0.01,-0.98,0.00,28.71,-5.86,-20.51,0,23.81,98353.50,256.60,1
690,99617,6.30,-3.67,-0.90,-0.02,-0.99,0.01,29.30,-5.57,-20.51,0,23.81,98353.50,256.60,1
691,99782,3.46,-0.37,-2.90,-0.00,-1.00,0.06,29.30,-5.86,-20.21,0,23.81,98353.50,256.60,1
692,99946,9.83,-0.45,-5.24,0.06,-0.99,0.04,29.30,-7.03,-19.63,0,23.81,98353.33,256.61,1
693,100120,0.43,5.73,6.71,0.07,-0.96,0.08,29.30,-6.45,-19.34,0,23.81,98353.33,256.61,1
694,100285,-0.33,0.66,4.79,0.02,-1.01,0.10,29.00,-6.15,-19.63,0,23.81,98353.33,256.61,1
695,100451,-6.23,19.33,9.13,0.04,-0.99,0.06,29.59,-6.15,-19.63,0,23.81,98353.33,256.61,1
696,100614,-4.65,9.58,3.21,-0.05,-0.96,0.02,28.71,-6.15,-19.34,0,23.81,98353.33,256.61,1
697,100779,1.13,2.30,-3.85,-0.03,-1.01,0.03,29.00,-6.15,-19.63,0,23.81,98353.33,256.61,1
698,100946,3.16,-11.46,2.07,0.00,-0.98,0.03,29.00,-5.86,-20.21,0,23.81,98353.16,256.63,1
699,101085,3.30,-7.11,2.62,-0.02,-0.98,-0.00,30.18,-6.15,-19.63,0,23.81,98353.16,256.63,1
700,101251,5.05,-6.09,2.78,-0.01,-0.98,0.03,30.18,-5.86,-19.34,0,23.81,98353.16,256.63,1
701,101414,-0.22,-1.80,1.29,-0.02,-0.99,0.04,29.59,-5.57,-20.21,0,23.81,98352.82,256.65,1
702,101578,-1.82,-4.94,-3.91,-0.04,-0.98,0.04,29.59,-5.27,-20.21,0,23.81,98352.82,256.65,1
703,101743,-0.05,3.20,-0.31,0.01,-0.99,0.01,29.59,-6.15,-20.51,0,23.81,98353.32,256.61,1
704,101889,1.95,0.95,2.73,0.01,-1.01,0.04,29.30,-5.86,-20.21,0,23.81,98353.32,256.61,1
705,102032,2.13,2.85,2.68,-0.01,-1.00,0.04,29.59,-6.15,-20.21,0,23.81,98353.32,256.61,1
706,102198,2.59,-0.46,-1.34,-0.02,-0.98,0.05,29.59,-6.45,-19.92,0,23.81,98353.32,256.61,1
707,102366,0.72,-8.64,0.52,-0.05,-0.97,0.01,29.30,-5.86,-19.92,0,23.81,98353.32,256.61,1
708,102530,-0.44,7.22,-0.66,-0.01,-1.00,0.06,29.30,-6.74,-19.92,0,23.81,98353.32,256.61,1
709,102693,1.86,-4.23,-0.65,-0.03,-0.97,0.01,29.30,-5.86,-19.92,0,23.81,98353.14,256.63,1
710,102836,-1.78,-2.20,2.36,0.01,-0.99,0.05,29.30,-6.45,-19.63,0,23.81,98353.14,256.63,1
711,103000,4.33,-5.08,0.92,-0.02,-1.00,0.03,29.59,-5.86,-20.21,0,23.81,98353.14,256.63,1
712,103163,-1.89,-0.73,3.52,-0.00,-0.96,0.07,30.18,-6.15,-20.80,0,23.82,98353.36,256.61,1
713,103327,-0.10,5.14,-0.42,-0.02,-0.99,0.00,29.30,-5.86,-21.09,0,23.82,98353.36,256.61,1
714,103470,5.52,-4.66,3.65,0.01,-0.98,-0.01,29.00,-5.57,-19.92,0,23.82,98353.36,256.61,1
715,103616,-2.61,11.60,8.00,-0.00,-0.99,0.05,29.88,-5.86,-20.80,0,23.82,98353.36,256.61,1
716,103756,2.37,4.72,2.91,-0.05,-1.01,0.04,29.88,-5.86,-20.51,0,23.82,98353.36,256.61,1
717,103896,2.72,6.53,-0.67,-0.04,-0.97,0.04,29.88,-5.57,-19.92,0,23.82,98353.36,256.61,1
718,104034,0.21,8.18,-0.42,-0.04,-0.99,0.03,28.71,-5.27,-20.21,0,23.82,98353.36,256.61,1
719,104176,6.14,8.58,-1.18,-0.02,-1.00,0.04,29.59,-5.57,-19.34,0,23.82,98353.36,256.61,1
720,104315,0.21,10.86,2.20,-0.03,-1.00,0.06,29.59,-5.57,-18.75,0,23.82,98353.36,256.61,1
721,104464,-0.10,8.04,-0.84,-0.04,-0.99,0.05,29.88,-5.86,-19.34,0,23.82,98353.36,256.61,1
722,104614,-1.02,10.88,0.92,-0.03,-0.97,0.03,29.30,-5.86,-18.75,0,23.81,98352.97,256.64,1
723,104754,-0.42,12.75,0.44,-0.04,-0.99,0.01,29.88,-6.15,-18.16,0,23.81,98352.97,256.64,1
724,104893,-2.88,1.79,3.14,-0.00,-1.03,0.01,29.59,-5.57,-18.46,0,23.81,98352.97,256.64,1
725,105032,-4.97,16.91,6.22,-0.06,-0.99,-0.03,29.59,-5.27,-18.16,0,23.81,98352.97,256.64,1
726,105171,2.74,14.63,1.14,-0.08,-0.95,-0.02,30.18,-5.57,-18.46,0,23.81,98353.14,256.63,1
727,105314,2.13,7.01,-3.10,-0.07,-0.98,-0.01,29.59,-5.86,-17.58,0,23.81,98353.14,256.63,1
728,105454,1.88,0.83,1.15,-0.01,-1.00,0.01,29.59,-6.15,-17.87,0,23.81,98353.14,256.63,1
729,105591,4.01,-26.90,0.89,-0.06,-1.04,0.01,30.18,-5.57,-18.16,0,23.81,98353.32,256.61,1
730,105732,-1.24,-22.93,1.83,-0.11,-0.99,-0.00,29.88,-5.27,-18.75,0,23.81,98353.32,256.61,1
731,105870,1.01,-14.41,-6.04,-0.04,-0.95,0.04,29.30,-5.57,-19.34,0,23.81,98353.32,256.61,1
732,106025,-4.68,-14.37,1.24,0.02,-0.98,0.04,29.59,-6.45,-19.63,0,23.81,98353.32,256.61,1
733,106165,2.04,-4.84,4.30,-0.01,-1.00,-0.01,29.88,-5.86,-20.21,0,23.81,98353.32,256.61,1
734,106305,11.35,-4.77,0.13,-0.03,-0.98,0.00,29.88,-6.45,-19.34,0,23.81,98353.32,256.61,1
735,106445,6.00,-2.40,3.30,0.01,-0.94,0.08,29.88,-6.15,-19.34,0,23.81,98353.32,256.61,1
736,106586,-1.43,3.84,-4.97,-0.06,-0.98,0.07,29.88,-6.15,-19.63,0,23.81,98353.14,256.63,1
737,106725,0.52,4.29,-3.46,0.00,-1.02,0.05,29.30,-6.45,-19.63,0,23.81,98353.14,256.63,1
738,106870,3.80,-2.12,1.66,-0.03,-1.00,0.04,30.18,-5.86,-19.63,0,23.81,98353.14,256.63,1
739,107008,0.69,6.82,-4.97,-0.02,-0.98,0.07,29.30,-5.86,-19.04,0,23.81,98353.14,256.63,1
740,107148,2.12,4.71,2.80,0.02,-0.97,0.03,29.30,-6.45,-19.63,0,23.81,98353.14,256.63,1
741,107285,4.36,1.72,-0.46,-0.04,-0.99,0.02,29.88,-6.15,-19.34,0,23.81,98353.14,256.63,1
742,107425,-3.94,3.91,-0.31,-0.00,-0.98,0.06,29.30,-6.45,-19.04,0,23.81,98352.97,256.64,1
743,107563,-2.82,0.98,-0.12,0.01,-1.01,0.02,29.30,-6.15,-18.75,0,23.81,98352.97,256.64,1
744,107706,1.07,-0.55,0.17,0.02,-1.00,0.03,29.00,-5.86,-19.63,0,23.81,98352.97,256.64,1
745,107844,1.24,-2.35,1.35,0.00,-1.00,0.03,29.59,-5.86,-18.75,0,23.81,98352.97,256.64,1
746,107983,4.10,-6.20,-3.31,-0.03,-0.99,0.04,29.88,-6.15,-19.04,0,23.81,98352.97,256.64,1
747,108122,3.04,-3.95,-3.63,0.01,-0.98,0.05,29.00,-6.45,-19.63,0,23.81,98352.97,256.64,1
748,108261,1.07,-3.14,0.17,0.02,-1.00,0.04,28.71,-6.15,-19.04,0,23.81,98352.97,256.64,1
749,108404,-0.01,-3.70,-2.27,0.02,-0.99,0.05,29.00,-7.03,-19.34,0,23.81,98352.97,256.64,1
750,108541,5.40,0.50,-0.44,0.04,-0.98,0.05,29.59,-7.03,-19.63,0,23.81,98352.97,256.64,1
751,108682,12.23,8.74,0.36,0.02,-1.01,0.05,29.88,-6.15,-18.75,0,23.81,98352.97,256.64,1
752,108820,20.91,5.20,0.78,0.04,-1.00,0.09,29.00,-6.45,-18.16,0,23.81,98352.97,256.64,1
753,108959,18.44,-4.43,0.02,0.02,-0.98,0.16,29.30,-7.32,-17.58,0,23.81,98352.64,256.67,1
754,109096,21.51,1.95,-0.42,0.06,-0.97,0.22,28.42,-6.74,-16.99,0,23.81,98352.64,256.67,1
755,109240,14.82,-3.02,2.99,0.04,-0.97,0.24,29.00,-6.74,-16.99,0,23.81,98352.64,256.67,1
756,109379,25.61,-6.79,-2.04,0.03,-0.97,0.25,29.00,-6.45,-16.41,0,23.81,98352.47,256.68,1
757,109518,41.01,-1.98,-4.84,0.06,-0.95,0.35,28.42,-6.74,-14.65,0,23.81,98352.47,256.68,1
758,109657,51.53,4.62,-3.58,0.08,-0.92,0.44,27.25,-7.32,-13.77,0,23.81,98352.47,256.68,1
759,109796,50.55,3.75,1.63,0.08,-0.84,0.57,26.95,-7.32,-10.55,0,23.82,98352.85,256.65,1
760,109934,55.47,-4.71,1.79,0.02,-0.77,0.67,25.20,-6.15,-9.38,0,23.82,98352.85,256.65,1
761,110076,48.94,-11.40,-3.30,0.05,-0.68,0.80,24.61,-7.32,-8.50,0,23.82,98352.85,256.65,1
762,110217,36.32,-3.27,1.01,0.11,-0.62,0.85,23.73,-7.62,-7.91,0,23.82,98352.85,256.65,1
763,110354,52.28,-2.75,10.05,0.12,-0.53,0.82,22.56,-7.91,-7.62,0,23.81,98352.47,256.68,1
764,110517,52.51,-4.80,6.72,0.06,-0.44,0.95,21.09,-7.03,-5.57,0,23.81,98352.47,256.68,1
765,110687,37.16,-6.71,-0.98,0.00,-0.29,1.00,18.75,-7.62,-5.57,1,23.81,98352.47,256.68,1
766,110831,29.74,-11.34,7.55,0.10,-0.24,1.18,17.87,-8.50,-4.69,0,23.81,98352.32,256.70,1
767,110970,32.73,-0.54,8.21,0.11,-0.25,0.67,16.70,-8.20,-4.69,0,23.81,98352.32,256.70,1
